index,start,end,pages,title,filename
0,1,22,22,front matter,00_front_matter.pdf
1,23,38,16,EUROMOS ANTİK KENTİ 2024 YILI KAZI VE RESTORASYON ÇALIŞMALARI,01_EUROMOS_ANTIK_KENTI_2024_YILI_KAZI_VE_RESTORASYON_CALISMALARI.pdf
2,39,50,12,KYZİKOS 2024 YILI KAZI ÇALIŞMALARI,02_KYZIKOS_2024_YILI_KAZI_CALISMALARI.pdf
3,51,62,12,ALABANDA 2024,03_ALABANDA_2024.pdf
4,63,78,16,TARSUS-GÖZLÜKULE 2024 YILI KAZI ÇALIŞMALARI,04_TARSUS_GOZLUKULE_2024_YILI_KAZI_CALISMALARI.pdf
5,79,90,12,İKİZTEPE KAZISI 2024 YILI ÇALIŞMALARI,05_IKIZTEPE_KAZISI_2024_YILI_CALISMALARI.pdf
6,91,98,8,YOROS KALESİ VE YUŞA TEPESİ BİZANS KİLİSESİ KAZISI 2023 VE 2024 YILI ÇALIŞMALARI,06_YOROS_KALESI_VE_YUSA_TEPESI_BIZANS_KILISESI_KAZISI_2023_VE_2024_YILI_CALISMALARI.pdf
7,99,116,18,2024 YILI KREMNA KAZILARI,07_2024_YILI_KREMNA_KAZILARI.pdf
8,117,134,18,İZNİK HİSARDERE NEKROPOLÜ 2024 YILI KAZI ÇALIŞMALARI,08_IZNIK_HISARDERE_NEKROPOLU_2024_YILI_KAZI_CALISMALARI.pdf
9,135,152,18,İZNİK ROMA TİYATROSU 2024 YILI KAZI VE RESTORASYON ÇALIŞMALARI,09_IZNIK_ROMA_TIYATROSU_2024_YILI_KAZI_VE_RESTORASYON_CALISMALARI.pdf
10,153,170,18,ÇALTILAR HÖYÜK 2024 YILI KAZILARI,10_CALTILAR_HOYUK_2024_YILI_KAZILARI.pdf
11,171,182,12,PAŞALAR KAZISI 2024 YILI ÇALIŞMALARI,11_PASALAR_KAZISI_2024_YILI_CALISMALARI.pdf
12,183,198,16,ZERZEVAN KALESİ 2024 YILI ÇALIŞMALARI,12_ZERZEVAN_KALESI_2024_YILI_CALISMALARI.pdf
13,199,210,12,"SİNEKKAYA MAĞARASI (ORHANELİ, BURSA) KAZISI 2024",13_SINEKKAYA_MAGARASI_ORHANELI_BURSA_KAZISI_2024.pdf
14,211,226,16,SELEUKEIA SIDERA ANTİK KENTİ 2024 YILI ÇALIŞMALARI,14_SELEUKEIA_SIDERA_ANTIK_KENTI_2024_YILI_CALISMALARI.pdf
15,227,242,16,ATTOUDA KAZISI 2024,15_ATTOUDA_KAZISI_2024.pdf
16,243,250,8,ELBİSTAN KARAHÖYÜK VE HAMZATEPE KAZILARI 2024,16_ELBISTAN_KARAHOYUK_VE_HAMZATEPE_KAZILARI_2024.pdf
17,251,266,16,GORDİON 2024,17_GORDION_2024.pdf
18,267,280,14,YUMUKTEPE HÖYÜK “GELECEĞE MİRAS PROJESİ” 2024 KAZI ÇALIŞMALARI,18_YUMUKTEPE_HOYUK_GELECEGE_MIRAS_PROJESI_2024_KAZI_CALISMALARI.pdf
19,281,296,16,ANTALYA İLİ ELMALI İLÇESİ HACIMUSALAR HÖYÜK KAZISI 2024 YILI ÇALIŞMALARI,19_ANTALYA_ILI_ELMALI_ILCESI_HACIMUSALAR_HOYUK_KAZISI_2024_YILI_CALISMALARI.pdf
20,297,316,20,ANKARA KALECİK KALESİ KAZISI 2024 YILI ÇALIŞMALARI,20_ANKARA_KALECIK_KALESI_KAZISI_2024_YILI_CALISMALARI.pdf
21,317,338,22,2024 YILI PAMUKKALE-HIERAPOLIS ÇALIŞMALARI,21_2024_YILI_PAMUKKALE_HIERAPOLIS_CALISMALARI.pdf
22,339,360,22,2024 YILI LAODIKEIA ÇALIŞMALARI,22_2024_YILI_LAODIKEIA_CALISMALARI.pdf
23,361,374,14,ŞUAYİP ŞEHRİ KAZILARI: 2024 SEZONU,23_SUAYIP_SEHRI_KAZILARI_2024_SEZONU.pdf
24,375,392,18,KAYMAKÇI ARKEOLOJİ PROJESİ: 2024 YILI KAZI VE ARAŞTIRMA SONUÇLARI,24_KAYMAKCI_ARKEOLOJI_PROJESI_2024_YILI_KAZI_VE_ARASTIRMA_SONUCLARI.pdf
25,393,408,16,2024 KAYALIPINAR ARAŞTIRMALARI: ÖN RAPOR,25_2024_KAYALIPINAR_ARASTIRMALARI_ON_RAPOR.pdf
26,409,417,9,"İNBOĞAZI-ANDIK MAĞARASI, 2024",26_INBOGAZI_ANDIK_MAGARASI_2024.pdf
