own number;name;class;second class;type;location;shown or described in;part_of;stated: is interpreted as;date of making;measure: uzunluk;measure: genişlik;measure: adet;link: lies in or on;found in;found by;stated: is in the condition;stated: depicts;material;attribute: yazıtlı;remark
site;Seleukeia Sidera Antik Kenti;E27;;ancient city;Hisar Tepe;"Seleukeia Sidera yerleşim alanları.; Hisar Tepe, Seleukeia Sidera.; s. 209";;;;;;;;;;;;;;
theatre;Tiyatro;E22;;theatre;;"Seleukeia Sidera Tiyatro, Sahne Binası, Vomitorium.; Seleukeia Sidera Tiyatro ve Sahne Binası plan.; s. 209";Seleukeia Sidera Antik Kenti;Selçuklu Dönemi'nde gümrük yapısı olarak iskân (olası);;;;;;;;;;;;
theatre-north-vomitorium;Tiyatro kuzey vomitoriumu;E22;;vomitorium;;s. 210;Tiyatro;;;;;;;;;;;;;
theatre-south-vomitorium;Tiyatro güney vomitoriumu;E22;;vomitorium;;s. 209;Tiyatro;;;;;;;;;;;;;
north-analemma;Kuzey analemma duvarı;E22;;analemma wall;;"Seleukeia Sidera Tiyatro ve Sahne Binası, Orkestra, kuzey Analemna Duvarı, Nymphaion.; s. 210";Tiyatro;;;;;;;;;;;;;Batı kısmı büyük kyklopik taşlarla inşa edilmiştir.
north-cavea;Kuzey cavea;E22;;cavea;;s. 210;Tiyatro;;;;;;;;;;;;;
north-parodos;Kuzey parodos;E22;;parodos;;s. 210;Tiyatro;;;;;;;;;;;;;
stage-building;Sahne Binası;E22;;stage building;;"Seleukeia Sidera Tiyatro, Sahne Binası, Vomitorium.; Seleukeia Sidera Tiyatro ve Sahne Binası plan.; s. 210; s. 211";Tiyatro;Helenistik Dönem'den itibaren farklı dönemlerde değişerek kullanım;;;;;;;;;;;;
nymphaion;Nymphaion;E22;;nymphaeum;;"Seleukeia Sidera Tiyatro Sahne Binası, Nymphaion.; Seleukeia Sidera Tiyatro ve Sahne Binası, Orkestra, kuzey Analemna Duvarı, Nymphaion.; s. 211";Sahne Binası;Perge örneğiyle özdeş, MS 4.-6. yüzyılda eklenmiş çeşme yapısı;MS 4.-6. yüzyıl;;;;;;;;;;;"Sahne binasına MS 4.-6. yüzyıllarda entegre edilmiş çeşme yapısı; aedicula biçimli yarım nişler, çay taşı ve pişmiş toprak malzeme; sıva izleri ve harçlı zemin in situ."
orchestra;Orkestra;E22;;orchestra;;"Seleukeia Sidera Tiyatro ve Sahne Binası, Orkestra, kuzey Analemna Duvarı, Nymphaion.; s. 211";Tiyatro;;;;;;;;;;;;;
orchestra-floor;Cavea oturma sıralarını taşıyan blokların zemini;E25;;taban;;s. 211;Orkestra;;;;;;;;;;;;;Nehir çakılları ve amorf taşlardan, araları harçla güçlendirilmiş.
late-roman-wall-north-vom;Kuzey vomitoriumdaki Geç Roma duvar kalıntısı;E25;;duvar;;s. 210;Tiyatro kuzey vomitoriumu;;Geç Roma İmparatorluk Dönemi;;;;;;;;;;;
south-slope-group;Güney Yamaç Yapı Grubu;E22;;building group;Hisar Tepe güney yamacı;"Seleukeia Sidera Güney Yamaç Yapıları.; Seleukeia Sidera Güney Yamaç Yapıları, 1993 ve 2024 yılı kazılarının gerçekleştiği alan.; s. 212";Seleukeia Sidera Antik Kenti;"Üretim ve ticaret odaklı, çok işlevli, uzun süreli kullanım; kamusal işlev; Mozaikli ve sıvalı-boyalı duvarlı mekânların varlığı";;18 m;12 m;;;;;;;;;"Kısmen ana kayaya oturtulmuş teraslar halinde; esas olarak 5 ayrı mekân; ana kayaya oyulmuş merdiven sistemiyle ilişkili."
rock-cut-stairs;Ana kayaya oyulmuş merdiven sistemi;E25;;staircase;;s. 212;Güney Yamaç Yapı Grubu;;;;;;;;;;;;;
south-slope-trenches;Güney yamaç 2024 açmaları (13 adet, her biri 10x10 m);E25;;trench;Hisar Tepe güney yamacı;"Seleukeia Sidera Güney Yamaç Yapıları.; s. 213";;;;10 m;10 m;13 trench;;;;;;;;
pipe-system;Künk sistemleri;E25;;water pipe;;"Seleukeia Sidera Güney Yamaç Yapıları, Devşirme Mortar parçası ve Su Sistemleri.; s. 213";Güney Yamaç Yapı Grubu;;;;;;;;;;;;;Su tahliyesi veya su teminine yönelik altyapı.
hidirlik-cemetery;İslamköy Hıdırlık Mezarlığı;E27;;cemetery;Hıdırlık Mevkii;"Hıdırlık Mevkii Türk İslam Dönemi Mezarlığı.; Hıdırlık Mevkii Türk İslam Dönemi Mezarlığı.; s. 213";;;;;;;;;;;;;;
hidirlik-graves;Hıdırlık Mezarlığı mezarları;E25;;mezar;;s. 213;İslamköy Hıdırlık Mezarlığı;Selçuklu, Erken Beylikler ve Osmanlı dönemleri (kesin tarihleme için kazı planlanmaktadır);"Selçuklu Dönemi; Erken Beylikler Dönemi; Osmanlı Dönemi";;;;;;;;;;;"Büyük ve küçük şahide taşlı çok sayıda mezar; Selçuklu ve Erken Beylikler tarihlemesi kesin değildir."
fill-1993;1993 kazılarında açığa çıkarılan dolgu toprağı;A2;;;;s. 212;;;;;;;Güney Yamaç Yapı Grubu;;;;;;;
fill-north-vom;Kuzey vomitorium dolgu toprağı;A2;;;;s. 210;;;;;;;Tiyatro kuzey vomitoriumu;;;;;;;
mortar-layer-north-vom;Kuzey vomitorium zemin harç tabakası;A2;;;;s. 210;;Yapının zeminine ait harç tabakası;;;;;Tiyatro kuzey vomitoriumu;;;;;;;Yapının zeminine ait olduğu düşünülmektedir.
hard-floor-layers;Pişmiş toprak malzemeli sert zemin tabakaları;A2;;;;s. 213;;;;;;;Güney yamaç 2024 açmaları (13 adet, her biri 10x10 m);;;;;;;
coin-seljuk-north;Selçuklu Dönemi sikkesi (tiyatro kuzeyi);E22;;sikke;;s. 210;;;Selçuklu Dönemi;;;1 adet;;Tiyatro kuzey vomitoriumu;Tiyatro kuzeyi (kuzey vomitorium, analemma duvarı, kuzey parodos) kazısı 2024;;;;;
keystone-zeus;Zeus kabartmalı kilit taşı;E22;;keystone;;s. 210;;;;;;1 adet;;"Kuzey vomitorium dolgu toprağı; Tiyatro kuzey vomitoriumu";"Tiyatro kuzeyi (kuzey vomitorium, analemma duvarı, kuzey parodos) kazısı 2024; Tiyatro kuzeyi (kuzey vomitorium, analemma duvarı, kuzey parodos) kazısı 2024";damaged;Zeus;;;Dolgu toprağı içinde ele geçmiştir.
arch-blocks-north-vom;Kuzey vomitorium mimari blokları;E22;;architectural block;;s. 210;;;;;;;;"Kuzey vomitorium dolgu toprağı; Tiyatro kuzey vomitoriumu";"Tiyatro kuzeyi (kuzey vomitorium, analemma duvarı, kuzey parodos) kazısı 2024; Tiyatro kuzeyi (kuzey vomitorium, analemma duvarı, kuzey parodos) kazısı 2024";;;;;Vomitoriumun kemerli yapılarında kullanıldığını gösterir.
diazoma-block;Diazoma duvar hattına ait olabilecek mimari blok;E22;;architectural block;;s. 210;;;;;;1 adet;;Kuzey parodos;Tiyatro kuzeyi (kuzey vomitorium, analemma duvarı, kuzey parodos) kazısı 2024;;;;;
ceramics-stage-2024;Sahne binası seramik parçaları (Roma İmparatorluk, Geç Roma, sınırlı Helenistik);E22;;pottery sherds;;s. 211;;;"Roma İmparatorluk Dönemi; Geç Roma İmparatorluk Dönemi; Helenistik Dönem";;;;;Sahne Binası;Sahne binası kuzey yönü kazı ve belgeleme çalışmaları 2024;;;;;
terracotta-elements-stage;Sahne binası pişmiş toprak yapı elemanları;E22;;terracotta building element;;s. 211;;;;;;;;Sahne Binası;Sahne binası kuzey yönü kazı ve belgeleme çalışmaları 2024;;;terracotta;;
capital-coffer-architrave;Sütun başlığı, kaset ve arşitrav parçaları (tiyatro üst yapısı);E22;;mimari eleman;;s. 211;;Severuslar Dönemi (MS 193-235) tiyatro üst yapısı;Severuslar Dönemi;;;;;Sahne Binası;Sahne binası kuzey yönü kazı ve belgeleme çalışmaları 2024;;;;;"Tiyatronun üst yapısına ait; Severuslar Dönemi'ne (MS 193-235) tarihlendirilebileceği düşünülmektedir."
coffer-orchestra;Orkestra kaset parçaları ve mimari unsurlar;E22;;mimari eleman;;"s. 211; Seleukeia Sidera Tiyatro ve Sahne Binası, Orkestra, kuzey Analemna Duvarı, Nymphaion.";;;;;;;;Orkestra;Orkestra güneydoğusu kazısı 2024;;;;;
coins-1993-fill;1993 dolgusundan elenen sikkeler;E22;;sikke;;s. 212;;;;;;134 adet;;"1993 kazılarında açığa çıkarılan dolgu toprağı; Güney Yamaç Yapı Grubu";"1993 dolgu toprağının elenmesi 2024; 1993 dolgu toprağının elenmesi 2024";;;;;Etütlük ve envanterlik nitelikte toplam 134 adet.
ceramics-1993-fill;1993 dolgusundan seramik parçaları ve pithos kırıkları;E22;;pottery sherds;;s. 212;;;"Roma İmparatorluk Dönemi; Geç Roma İmparatorluk Dönemi";;;;;"1993 kazılarında açığa çıkarılan dolgu toprağı; Güney Yamaç Yapı Grubu";"1993 dolgu toprağının elenmesi 2024; 1993 dolgu toprağının elenmesi 2024";;;;;
slag-1993-fill;Demir cüruflar;E22;;slag;;s. 212;;;;;;;;"1993 kazılarında açığa çıkarılan dolgu toprağı; Güney Yamaç Yapı Grubu";"1993 dolgu toprağının elenmesi 2024; 1993 dolgu toprağının elenmesi 2024";;;demir;;
bones-1993-fill;Hayvan kemiği parçaları;E20;;hayvan kemiği;;s. 212;;;;;;;;"1993 kazılarında açığa çıkarılan dolgu toprağı; Güney Yamaç Yapı Grubu";"1993 dolgu toprağının elenmesi 2024; 1993 dolgu toprağının elenmesi 2024";;;;;
ceramics-trenches-2024;Açma seramik parçaları (Roma İmparatorluk ve Geç Roma);E22;;pottery sherds;;s. 213;;;"Roma İmparatorluk Dönemi; Geç Roma İmparatorluk Dönemi";;;;;Güney yamaç 2024 açmaları (13 adet, her biri 10x10 m);Güney yamaç açma kazıları 2024 (13 açma);;;;;
small-objects-trenches;Metal, cam ve kemik objeler;E22;;small find;;s. 213;;;;;;;;Güney yamaç 2024 açmaları (13 adet, her biri 10x10 m);Güney yamaç açma kazıları 2024 (13 açma);;;;;
roof-tiles-trenches;Pişmiş toprak çatı kiremitleri ve zemin kaplama parçaları;E22;;roof tile;;s. 213;;;;;;;;Güney yamaç 2024 açmaları (13 adet, her biri 10x10 m);Güney yamaç açma kazıları 2024 (13 açma);;;terracotta;;
columns-trenches;Sütun parçaları, kaideler ve mimari elemanlar;E22;;mimari eleman;;s. 213;;;;;;;;Güney yamaç 2024 açmaları (13 adet, her biri 10x10 m);Güney yamaç açma kazıları 2024 (13 açma);;;;;
fresco-trenches;Fresk parçaları ve harç kalıntıları;E22;;wall painting fragment;;s. 213;;;;;;;;Güney yamaç 2024 açmaları (13 adet, her biri 10x10 m);Güney yamaç açma kazıları 2024 (13 açma);;;;;
tesserae-trenches;Mozaik döşemelerine ait tessera örnekleri;E22;;tessera;;s. 213;;;;;;;;Güney yamaç 2024 açmaları (13 adet, her biri 10x10 m);Güney yamaç açma kazıları 2024 (13 açma);;;;;
reused-mortar;Duvarlarda devşirme kullanılan mortar parçaları;E22;;reused architectural element;;"Seleukeia Sidera Güney Yamaç Yapıları, Devşirme Mortar parçası ve Su Sistemleri.; s. 213";;;;;;;;Güney Yamaç Yapı Grubu;Güney yamaç açma kazıları 2024 (13 açma);;;;;
weighing-set;Ağırlık, titanbulum (terazi kolu) ve terazi kefeleri;E22;;weighing instrument;;s. 213;;;;;;;;Güney Yamaç Yapı Grubu;Güney yamaç açma kazıları 2024 (13 açma);;;;;
bronze-coins-trenches;Çok sayıda bronz sikke;E22;;sikke;;s. 213;;;;;;;;Güney Yamaç Yapı Grubu;Güney yamaç açma kazıları 2024 (13 açma);;;bronz;;
ottoman-tombstones;Osmanlıca mezar taşları (11 adet, 18.-20. yüzyıl);E22;;tombstone;;"s. 214; Hıdırlık Mevkii Türk İslam Dönemi Mezarlığı.; Hıdırlık Mevkii Türk İslam Dönemi Mezarlığı.";;;18.-20. yüzyıl;;;11 adet;;İslamköy Hıdırlık Mezarlığı;Hıdırlık Mevkii Türk-İslam Dönemi mezarlık belgeleme çalışmaları;;;;yes;Günümüz Türkçesine çevrilmiştir.
