own number;name;class;second class;type;place;begin;end;scale;link: took place on or within;link: continued;link: investigated;people;shown or described in;part_of;link: removed part or all of;link: used;number: proje numarası;link: was done for;remark
campaign-2024;Seleukeia Sidera 2024 yılı çalışmaları;A9;;excavation campaign;Hisar Tepe;2024;2024;CE;Seleukeia Sidera Antik Kenti;"Isparta Müzesi tiyatro kazıları 1985-1987; Orhan Bingöl başkanlığında 1993 kazıları; Sahne binası kuzey kesimi kazıları 2010-2022";Seleukeia Sidera Antik Kenti;"Bilge Hürmüzlü (Kortholt) (excavation director); Semih Togan (başkan yardımcısı); Alper Atay (ekip üyesi); Mustafa Sarışahin (ekip üyesi); Seleukeia Sidera 2024 kazı ve araştırma ekibi (team); Süleyman Demirel Üniversitesi, İnsan ve Toplum Bilimleri Fakültesi, Arkeoloji Bölümü (sorumlu kurum)";"Seleukeia Sidera Antik Kenti 2024 Yılı Çalışmaları; s. 209; Seleukeia Sidera yerleşim alanları.; Hisar Tepe, Seleukeia Sidera.";;;;;;"Kazı, temizlik, düzenleme ve belgeleme çalışmaları; Güney Yamacı Yapı Grupları ile Tiyatro ve Sahne Binası'nda yoğunlaşmıştır."
campaign-1985-87;Isparta Müzesi tiyatro kazıları 1985-1987;A9;;excavation campaign;;1985;1987;CE;Tiyatro;;Seleukeia Sidera Antik Kenti;Isparta Müze Müdürlüğü (sorumlu kurum);"s. 209; s. 210";;;;;;Güney parados, cavea, sahne binası ve Nymphaion'un bir kısmı açığa çıkarılmıştır (Kaya 1999a, 1999b).
campaign-1993;Orhan Bingöl başkanlığında 1993 kazıları;A9;;excavation campaign;;1993;1993;CE;Güney Yamaç Yapı Grubu;;Seleukeia Sidera Antik Kenti;Orhan Bingöl (excavation director);"s. 209; s. 212; Seleukeia Sidera Güney Yamaç Yapıları.";;;;;;"Güney Yamaç Yapı Grubu ilk kez açığa çıkarılmış; doğu ve batı yönlerinde dört mekân belirlenmiştir (Bingöl 1994, 2012)."
campaign-2010-22;Sahne binası kuzey kesimi kazıları 2010-2022;A9;;excavation campaign;;2010;2022;CE;Sahne Binası;;Seleukeia Sidera Antik Kenti;Süleyman Demirel Üniversitesi, İnsan ve Toplum Bilimleri Fakültesi, Arkeoloji Bölümü (sorumlu kurum);s. 210;;;;;;Güney cephedeki niş serisinin kuzeyde de devam ettiği ortaya konmuştur.
exc-theatre-north-2024;Tiyatro kuzeyi (kuzey vomitorium, analemma duvarı, kuzey parodos) kazısı 2024;A1;;;;;;;"Kuzey analemma duvarı; Kuzey parodos; Tiyatro kuzey vomitoriumu";;;;"s. 210; Seleukeia Sidera Tiyatro ve Sahne Binası plan.";Seleukeia Sidera 2024 yılı çalışmaları;Kuzey vomitorium dolgu toprağı;;;;
exc-stage-north-2024;Sahne binası kuzey yönü kazı ve belgeleme çalışmaları 2024;A1;;;;;;;"Nymphaion; Sahne Binası";;;;"s. 211; Seleukeia Sidera Tiyatro ve Sahne Binası plan.; Seleukeia Sidera Tiyatro Sahne Binası, Nymphaion.";Seleukeia Sidera 2024 yılı çalışmaları;;;;;Yapının ana hatlarının belgelenmesi ve nymphaion ile yapısal bütünlüğünün incelenmesi amaçlanmıştır.
exc-orchestra-2024;Orkestra güneydoğusu kazısı 2024;A1;;;;;;;Orkestra;;;;"s. 211; Seleukeia Sidera Tiyatro ve Sahne Binası, Orkestra, kuzey Analemna Duvarı, Nymphaion.";Seleukeia Sidera 2024 yılı çalışmaları;;;;;
exc-south-slope-2024;Güney yamaç açma kazıları 2024 (13 açma);A1;;;;;;;Güney yamaç 2024 açmaları (13 adet, her biri 10x10 m);;;;"s. 213; Seleukeia Sidera Güney Yamaç Yapıları.";Seleukeia Sidera 2024 yılı çalışmaları;Pişmiş toprak malzemeli sert zemin tabakaları;;;;
sieving-1993-fill;1993 dolgu toprağının elenmesi 2024;E7;;eleme;;;;;Güney Yamaç Yapı Grubu;;;;"s. 212; Seleukeia Sidera Güney Yamaç Yapıları, 1993 ve 2024 yılı kazılarının gerçekleştiği alan.";Seleukeia Sidera 2024 yılı çalışmaları;;1993 kazılarında açığa çıkarılan dolgu toprağı;;;
cleaning-south-slope-2024;Güney Yamaç Yapı Grubu temizlik, düzenleme ve eleme çalışmaları 2024;E7;;cleaning and arrangement;;;;;Güney Yamaç Yapı Grubu;;;;"s. 212; Seleukeia Sidera Güney Yamaç Yapıları, 1993 ve 2024 yılı kazılarının gerçekleştiği alan.";Seleukeia Sidera 2024 yılı çalışmaları;;;;;
cemetery-survey-2024;Hıdırlık Mevkii Türk-İslam Dönemi mezarlık belgeleme çalışmaları;E7;;documentation survey;Hıdırlık Mevkii;;;;İslamköy Hıdırlık Mezarlığı;;;Abdullah Bakır (team leader);"s. 213; s. 214; Hıdırlık Mevkii Türk İslam Dönemi Mezarlığı.; Hıdırlık Mevkii Türk İslam Dönemi Mezarlığı.";Seleukeia Sidera 2024 yılı çalışmaları;;;;;"Mezar ve mezar taşları tespit edilip belgelenmiş; Osmanlıca mezar taşları günümüz Türkçesine çevrilmiştir. Kesin tarihleme için bilimsel kazı planlanmaktadır."
conference-2024;Atabey ve Çevresinde Kültürel Miraslar ve Seleukeia Sidera Antik Kenti'nin Tanıtımı;E7;;public outreach conference;Atabey Anadolu Lisesi;2024;2024;CE;;;;"Bilge Hürmüzlü (Kortholt) (speaker); Semih Togan (speaker); Hanife Yavuz (bakanlık temsilcisi)";"Toplumsal Arkeoloji ve Kültürel Miras farkındalık çalışmaları.; Toplumsal Arkeoloji ve Kültürel Miras farkındalık çalışmaları.; s. 214";Seleukeia Sidera 2024 yılı çalışmaları;;;;;"Toplumsal arkeoloji ve kültürel miras farkındalık etkinliği; yasa dışı kazıların zararları, sit alanı statüleri ve yerel halkın rolü ele alınmıştır."
funding-bap-2024;SDÜ BAP projesi SKP-2024-9404;E7;;funding;;2024;2024;CE;;;;Süleyman Demirel Üniversitesi Bilimsel Araştırma Projeleri (destekleyen kurum);s. 214;;;;SKP-2024-9404;Seleukeia Sidera 2024 yılı çalışmaları;
permit-2024;2024 çalışmaları için izin ve destek;E7;;permission and support;;2024;2024;CE;;;;"T.C. Kültür ve Turizm Bakanlığı (permitting authority); Kültür Varlıkları ve Müzeler Genel Müdürlüğü (permitting authority); Geleceğe Miras Daire Başkanlığı (supporting unit); Süleyman Demirel Üniversitesi (supporting institution)";s. 214;;;;;Seleukeia Sidera 2024 yılı çalışmaları;
