own number;name;class;second class;type;shown_in;remark
Resim 1;Seleukeia Sidera yerleşim alanları.;E36;;fotoğraf;s. 217;
Resim 2;Hisar Tepe, Seleukeia Sidera.;E36;;fotoğraf;s. 218;
Resim 3;Seleukeia Sidera Tiyatro, Sahne Binası, Vomitorium.;E36;;fotoğraf;s. 218;
Resim 4;Seleukeia Sidera Tiyatro ve Sahne Binası plan.;E36;;fotoğraf;s. 219;
Resim 5;Seleukeia Sidera Tiyatro Sahne Binası, Nymphaion.;E36;;fotoğraf;s. 219;
Resim 6;Seleukeia Sidera Tiyatro ve Sahne Binası, Orkestra, kuzey Analemna Duvarı, Nymphaion.;E36;;fotoğraf;s. 220;
Resim 7;Seleukeia Sidera Güney Yamaç Yapıları.;E36;;fotoğraf;s. 220;
Resim 8;Seleukeia Sidera Güney Yamaç Yapıları, 1993 ve 2024 yılı kazılarının gerçekleştiği alan.;E36;;fotoğraf;s. 221;
Resim 9;Seleukeia Sidera Güney Yamaç Yapıları.;E36;;fotoğraf;s. 221;
Resim 10;Seleukeia Sidera Güney Yamaç Yapıları, Devşirme Mortar parçası ve Su Sistemleri.;E36;;fotoğraf;s. 222;
Resim 11;Hıdırlık Mevkii Türk İslam Dönemi Mezarlığı.;E36;;fotoğraf;s. 222;
Resim 12;Hıdırlık Mevkii Türk İslam Dönemi Mezarlığı.;E36;;fotoğraf;s. 223;
Resim 13;Toplumsal Arkeoloji ve Kültürel Miras farkındalık çalışmaları.;E36;;fotoğraf;s. 224;
Resim 14;Toplumsal Arkeoloji ve Kültürel Miras farkındalık çalışmaları.;E36;;fotoğraf;s. 224;
