own number;name;class;second class;type;location;stated: is interpreted as;shown or described in;part_of;number: birim kodu;date of making;link: lies in or on;link: overlies;date of formation;material;measure: basılı toplam;found in;found by;measure: adet;date of death;measure: hacim;stated: is of the species;remark
site;Sinekkaya Mağarası;E27;;cave;Sinekkaya Mağarası (konum);"Orta Paleolitik'ten Üst Paleolitik ve Neolitik'e kadar insan etkinliği; yıl içinde kısa süreli iskân amaçlı kullanım; Orta ve Üst Paleolitik'e ait kronolojik ve kültürel boşluğu doldurma potansiyeli";"Mağaranın fotogrametrik üç boyutlu modeli; Mağaranın planı; Sinekkaya Mağarası 2024 çalışmalarından bir 3B model örneği.; s. 197";;;;;;;;;;;;;;;
area-a;A alanı;E25;;excavation area;;;s. 198;Sinekkaya Mağarası;A;;;;;;;;;;;;;
area-b;B alanı;E25;;excavation area;;;"Sinekkaya Mağarası kazı çalışmalarında C (solda) ve B (sağda) alanları.; s. 198";Sinekkaya Mağarası;B;;;;;;;;;;;;;
area-c;C alanı;E25;;excavation area;;;"Sinekkaya Mağarası kazı çalışmalarında C (solda) ve B (sağda) alanları.; s. 198";Sinekkaya Mağarası;C;;;;;;;;;;;;;
hearth-f1-5;F1-5 birimindeki ocak;E25;;ocak;;;"F1-5 birimindeki ocak (üst solda), tespit edilmiş yontma taş buluntular (alt ortada), volkanik çay taşından vurgaç (sağda).; s. 198; s. 205";A alanı;;Yakın dönem (olasılıkla son 50-60 yıl) (possible);;;;;;;;;;;;"Metin yakın dönemde yakılmış ateş ve ocak yerlerinden söz eder; Resim 3 alt yazısı ocağı F1-5 birimine yerleştirir."
unit-x;X birimi (defineci atık toprağı);A2;;looters' spoil;;;"s. 197; s. 198";;X;;Sinekkaya Mağarası;1. Tabaka;;;;;;;;;;Yumuşak, karışık malzeme içeren dolgu. 2023'te A, B ve C alanlarında kaldırıldı.
layer-1;1. Tabaka;A2;;tabaka;;"Holosen'de depolanmış, içinde Pleyistosen buluntuları olan tabaka; karışık dolgu";"Sinekkaya Mağarası'nda 2024 yılı stratigrafik birimleri özeti.; s. 198; s. 202";;1;;Sinekkaya Mağarası;;;;;;;;;;;Mağaranın en üst dolgusu. Küçükbaş hayvan dışkısı, yakın dönem ateş ve ocak yerleri içerir.
f1-1;F1.1: En üstteki sıvalı gibi sertleşmiş birim.;A2;;excavation unit (feature);;;"Sinekkaya Mağarası'nda 2024 yılı stratigrafik birimleri özeti.; s. 199";1. Tabaka;F1.1;;A alanı;F1.4: F1.1 altında yer alan sıvalı gibi sertleşmiş birim.;;;;;;;;;;
f1-2;F1.2: En üstteki sıvalı gibi sertleşmiş birim.;A2;;excavation unit (feature);;;"Sinekkaya Mağarası'nda 2024 yılı stratigrafik birimleri özeti.; s. 199";1. Tabaka;F1.2;;C alanı;F1.9: F1-2'nin altındaki 'sıvalı' sertleşmiş dolgunun üst sıvası. 2 kat taban mevcut. İlki kum ve küçük taşçıklı.;;;;;;;;;;
f1-3;F1.3: En üstteki yanık, küllü alan.;A2;;excavation unit (feature);;;"Sinekkaya Mağarası'nda 2024 yılı stratigrafik birimleri özeti.; s. 199";1. Tabaka;F1.3;;B alanı;;;;;;;;;;;
f1-4;F1.4: F1.1 altında yer alan sıvalı gibi sertleşmiş birim.;A2;;excavation unit (feature);;;"Sinekkaya Mağarası'nda 2024 yılı stratigrafik birimleri özeti.; s. 199";1. Tabaka;F1.4;;A alanı;;;;;;;;;;;
f1-5;F1.5: A alanında sertleşmiş dolgunun altındaki yumuşak dolgu.;A2;;excavation unit (feature);;;"F1-5 birimindeki ocak (üst solda), tespit edilmiş yontma taş buluntular (alt ortada), volkanik çay taşından vurgaç (sağda).; Sinekkaya Mağarası'nda 2024 yılı stratigrafik birimleri özeti.; s. 199";1. Tabaka;F1.5;;A alanı;;;;;;;;;;;"Hangi sertleşmiş dolgunun (F1.1 veya F1.4) altında olduğu belirtilmemiştir; bu nedenle ilişki kaydedilmedi."
f1-6;F1.6: Mağaranın duvar kenarında nem dolayısıyla sertleşerek konsolide olmuş dolgu.;A2;;excavation unit (feature);;;"Sinekkaya Mağarası'nda 2024 yılı stratigrafik birimleri özeti.; s. 199";1. Tabaka;F1.6;;A alanı;;;;;;;;;;;Kış aylarında buradan su akar. Fırça ile kazılmayan tek birim.
f1-7;F1.7: Kanal.;A2;;excavation unit (feature);;;"F1-7 birimindeki kanal (sağ altta), mikro Levallois çekirdek (sol üstte) ve yontma taşlar (sağ üstte).; Sinekkaya Mağarası'nda 2024 yılı stratigrafik birimleri özeti.; s. 199";1. Tabaka;F1.7;;A alanı;;;;;;;;;;;
f1-8;F1.8: A'nın kuzey kenarındaki nispeten sertleşmiş, açık kahverengi renkli taşçık içeren, olasılıkla Holosen.;A2;;excavation unit (feature);;;"Sinekkaya Mağarası'nda 2024 yılı stratigrafik birimleri özeti.; s. 199";1. Tabaka;F1.8;;A alanı;;Holosen (possible);;;;;;;;;
f1-9;F1.9: F1-2'nin altındaki 'sıvalı' sertleşmiş dolgunun üst sıvası. 2 kat taban mevcut. İlki kum ve küçük taşçıklı.;A2;;excavation unit (feature);;;"F1-9 birimindeki sertleşmiş dolgu (alt ortada), Levallois uç (alt sağ), yontma taşlar (üst sol) ve seramikler (üst sağda).; Sinekkaya Mağarası'nda 2024 yılı stratigrafik birimleri özeti.; s. 199";1. Tabaka;F1.9;;C alanı;;;;;;;;;;;
lithics-2024;2024 yontma taş buluntuları (toplam);E22;;chipped stone assemblage;;yanmanın zamanı belirsiz;"Sinekkaya Mağarası 2024 yontma taş buluntuları.; s. 198; s. 199; s. 200; s. 201; F1-5 birimindeki ocak (üst solda), tespit edilmiş yontma taş buluntular (alt ortada), volkanik çay taşından vurgaç (sağda).; F1-7 birimindeki kanal (sağ altta), mikro Levallois çekirdek (sol üstte) ve yontma taşlar (sağ üstte).; F1-9 birimindeki sertleşmiş dolgu (alt ortada), Levallois uç (alt sağ), yontma taşlar (üst sol) ve seramikler (üst sağda).";;;;;;;taş;677 adet;"1. Tabaka; Sinekkaya Mağarası";"A, B ve C alanlarında 1. tabaka kazısı (2024); A, B ve C alanlarında 1. tabaka kazısı (2024)";;;;;"Çoğunluğunun dönemi belirlenememiştir. Aletlerin bir kısmı yanmıştır. Tablo 2 kendi içinde tutarsızdır: dilgi: cells sum to 156, printed total 158; column belirsiz: cells sum to 429, printed total 430; column Neo-ÜP?: cells sum to 2, printed total 1; column Neolitik?: cells sum to 52, printed total 53."
lith-belirsiz-belirsiz;belirsiz (belirsiz);E22;;indeterminate piece;;;"s. 200; Sinekkaya Mağarası 2024 yontma taş buluntuları.";2024 yontma taş buluntuları (toplam);;;;;;taş;;"1. Tabaka; Sinekkaya Mağarası";"A, B ve C alanlarında 1. tabaka kazısı (2024); A, B ve C alanlarında 1. tabaka kazısı (2024)";1 adet;;;;Dönemi belirlenememiştir.
lith-cekirdek-belirsiz;çekirdek (belirsiz);E22;;core;;;"s. 200; Sinekkaya Mağarası 2024 yontma taş buluntuları.";2024 yontma taş buluntuları (toplam);;;;;;taş;;"1. Tabaka; Sinekkaya Mağarası";"A, B ve C alanlarında 1. tabaka kazısı (2024); A, B ve C alanlarında 1. tabaka kazısı (2024)";2 adet;;;;Dönemi belirlenememiştir.
lith-cekirdek-neolitik;çekirdek (Neolitik);E22;;core;;;"s. 200; Sinekkaya Mağarası 2024 yontma taş buluntuları.";2024 yontma taş buluntuları (toplam);;Neolitik Dönem;;;;taş;;"1. Tabaka; Sinekkaya Mağarası";"A, B ve C alanlarında 1. tabaka kazısı (2024); A, B ve C alanlarında 1. tabaka kazısı (2024)";3 adet;;;;
lith-cekirdek-op;çekirdek (OP);E22;;core;;;"s. 200; Sinekkaya Mağarası 2024 yontma taş buluntuları.";2024 yontma taş buluntuları (toplam);;Orta Paleolitik Dönem;;;;taş;;"1. Tabaka; Sinekkaya Mağarası";"A, B ve C alanlarında 1. tabaka kazısı (2024); A, B ve C alanlarında 1. tabaka kazısı (2024)";2 adet;;;;
lith-dilgi-belirsiz;dilgi (belirsiz);E22;;blade;;;"s. 200; Sinekkaya Mağarası 2024 yontma taş buluntuları.";2024 yontma taş buluntuları (toplam);;;;;;taş;;"1. Tabaka; Sinekkaya Mağarası";"A, B ve C alanlarında 1. tabaka kazısı (2024); A, B ve C alanlarında 1. tabaka kazısı (2024)";52 adet;;;;Dönemi belirlenememiştir.
lith-dilgi-epipaleolitik-q;dilgi (Epipaleolitik?);E22;;blade;;;"s. 200; Sinekkaya Mağarası 2024 yontma taş buluntuları.";2024 yontma taş buluntuları (toplam);;Epipaleolitik Dönem (possible);;;;taş;;"1. Tabaka; Sinekkaya Mağarası";"A, B ve C alanlarında 1. tabaka kazısı (2024); A, B ve C alanlarında 1. tabaka kazısı (2024)";1 adet;;;;
lith-dilgi-neo-up-q;dilgi (Neo-ÜP?);E22;;blade;;;"s. 200; Sinekkaya Mağarası 2024 yontma taş buluntuları.";2024 yontma taş buluntuları (toplam);;"Neolitik Dönem (possible); Üst Paleolitik Dönem (possible)";;;;taş;;"1. Tabaka; Sinekkaya Mağarası";"A, B ve C alanlarında 1. tabaka kazısı (2024); A, B ve C alanlarında 1. tabaka kazısı (2024)";2 adet;;;;
lith-dilgi-neolitik-q;dilgi (Neolitik?);E22;;blade;;;"s. 200; Sinekkaya Mağarası 2024 yontma taş buluntuları.";2024 yontma taş buluntuları (toplam);;Neolitik Dönem (possible);;;;taş;;"1. Tabaka; Sinekkaya Mağarası";"A, B ve C alanlarında 1. tabaka kazısı (2024); A, B ve C alanlarında 1. tabaka kazısı (2024)";30 adet;;;;
lith-dilgi-neolitik;dilgi (Neolitik);E22;;blade;;;"s. 200; Sinekkaya Mağarası 2024 yontma taş buluntuları.";2024 yontma taş buluntuları (toplam);;Neolitik Dönem;;;;taş;;"1. Tabaka; Sinekkaya Mağarası";"A, B ve C alanlarında 1. tabaka kazısı (2024); A, B ve C alanlarında 1. tabaka kazısı (2024)";64 adet;;;;
lith-dilgi-op;dilgi (OP);E22;;blade;;;"s. 200; Sinekkaya Mağarası 2024 yontma taş buluntuları.";2024 yontma taş buluntuları (toplam);;Orta Paleolitik Dönem;;;;taş;;"1. Tabaka; Sinekkaya Mağarası";"A, B ve C alanlarında 1. tabaka kazısı (2024); A, B ve C alanlarında 1. tabaka kazısı (2024)";4 adet;;;;
lith-dilgi-op-q;dilgi (OP?);E22;;blade;;;"s. 200; Sinekkaya Mağarası 2024 yontma taş buluntuları.";2024 yontma taş buluntuları (toplam);;Orta Paleolitik Dönem (possible);;;;taş;;"1. Tabaka; Sinekkaya Mağarası";"A, B ve C alanlarında 1. tabaka kazısı (2024); A, B ve C alanlarında 1. tabaka kazısı (2024)";1 adet;;;;
lith-dilgi-up;dilgi (ÜP);E22;;blade;;;"s. 200; Sinekkaya Mağarası 2024 yontma taş buluntuları.";2024 yontma taş buluntuları (toplam);;Üst Paleolitik Dönem;;;;taş;;"1. Tabaka; Sinekkaya Mağarası";"A, B ve C alanlarında 1. tabaka kazısı (2024); A, B ve C alanlarında 1. tabaka kazısı (2024)";1 adet;;;;
lith-dilgi-up-q;dilgi (ÜP?);E22;;blade;;;"s. 200; Sinekkaya Mağarası 2024 yontma taş buluntuları.";2024 yontma taş buluntuları (toplam);;Üst Paleolitik Dönem (possible);;;;taş;;"1. Tabaka; Sinekkaya Mağarası";"A, B ve C alanlarında 1. tabaka kazısı (2024); A, B ve C alanlarında 1. tabaka kazısı (2024)";1 adet;;;;
lith-dilgicik-belirsiz;dilgicik (belirsiz);E22;;bladelet;;;"s. 200; Sinekkaya Mağarası 2024 yontma taş buluntuları.";2024 yontma taş buluntuları (toplam);;;;;;taş;;"1. Tabaka; Sinekkaya Mağarası";"A, B ve C alanlarında 1. tabaka kazısı (2024); A, B ve C alanlarında 1. tabaka kazısı (2024)";1 adet;;;;Dönemi belirlenememiştir.
lith-dilgicik-epipaleolitik-q;dilgicik (Epipaleolitik?);E22;;bladelet;;;"s. 200; Sinekkaya Mağarası 2024 yontma taş buluntuları.";2024 yontma taş buluntuları (toplam);;Epipaleolitik Dönem (possible);;;;taş;;"1. Tabaka; Sinekkaya Mağarası";"A, B ve C alanlarında 1. tabaka kazısı (2024); A, B ve C alanlarında 1. tabaka kazısı (2024)";5 adet;;;;
lith-dilgicik-neolitik-q;dilgicik (Neolitik?);E22;;bladelet;;;"s. 200; Sinekkaya Mağarası 2024 yontma taş buluntuları.";2024 yontma taş buluntuları (toplam);;Neolitik Dönem (possible);;;;taş;;"1. Tabaka; Sinekkaya Mağarası";"A, B ve C alanlarında 1. tabaka kazısı (2024); A, B ve C alanlarında 1. tabaka kazısı (2024)";1 adet;;;;
lith-dilgicik-neolitik;dilgicik (Neolitik);E22;;bladelet;;;"s. 200; Sinekkaya Mağarası 2024 yontma taş buluntuları.";2024 yontma taş buluntuları (toplam);;Neolitik Dönem;;;;taş;;"1. Tabaka; Sinekkaya Mağarası";"A, B ve C alanlarında 1. tabaka kazısı (2024); A, B ve C alanlarında 1. tabaka kazısı (2024)";1 adet;;;;
lith-dilgicik-up;dilgicik (ÜP);E22;;bladelet;;;"s. 200; Sinekkaya Mağarası 2024 yontma taş buluntuları.";2024 yontma taş buluntuları (toplam);;Üst Paleolitik Dönem;;;;taş;;"1. Tabaka; Sinekkaya Mağarası";"A, B ve C alanlarında 1. tabaka kazısı (2024); A, B ve C alanlarında 1. tabaka kazısı (2024)";3 adet;;;;
lith-dilgicik-up-epi-q;dilgicik (ÜP-Epi?);E22;;bladelet;;;"s. 200; Sinekkaya Mağarası 2024 yontma taş buluntuları.";2024 yontma taş buluntuları (toplam);;"Üst Paleolitik Dönem (possible); Epipaleolitik Dönem (possible)";;;;taş;;"1. Tabaka; Sinekkaya Mağarası";"A, B ve C alanlarında 1. tabaka kazısı (2024); A, B ve C alanlarında 1. tabaka kazısı (2024)";2 adet;;;;
lith-dogal-parca-belirsiz;doğal parça (belirsiz);E19;;natural piece;;;"s. 200; Sinekkaya Mağarası 2024 yontma taş buluntuları.";2024 yontma taş buluntuları (toplam);;;;;;taş;;"1. Tabaka; Sinekkaya Mağarası";"A, B ve C alanlarında 1. tabaka kazısı (2024); A, B ve C alanlarında 1. tabaka kazısı (2024)";2 adet;;;;Dönemi belirlenememiştir.
lith-dogal-parca-dogal;doğal parça (doğal);E19;;natural piece;;;"s. 200; Sinekkaya Mağarası 2024 yontma taş buluntuları.";2024 yontma taş buluntuları (toplam);;;;;;taş;;"1. Tabaka; Sinekkaya Mağarası";"A, B ve C alanlarında 1. tabaka kazısı (2024); A, B ve C alanlarında 1. tabaka kazısı (2024)";1 adet;;;;Tabloda 'doğal' sütununda sayılmıştır.
lith-duzeltili-dogal-parca-neolitik;düzeltili doğal parça (Neolitik);E22;;retouched natural piece;;;"s. 200; Sinekkaya Mağarası 2024 yontma taş buluntuları.";2024 yontma taş buluntuları (toplam);;Neolitik Dönem;;;;taş;;"1. Tabaka; Sinekkaya Mağarası";"A, B ve C alanlarında 1. tabaka kazısı (2024); A, B ve C alanlarında 1. tabaka kazısı (2024)";1 adet;;;;
lith-eclat-debordant-op;éclat débordant (OP);E22;;éclat débordant;;;"s. 200; Sinekkaya Mağarası 2024 yontma taş buluntuları.";2024 yontma taş buluntuları (toplam);;Orta Paleolitik Dönem;;;;taş;;"1. Tabaka; Sinekkaya Mağarası";"A, B ve C alanlarında 1. tabaka kazısı (2024); A, B ve C alanlarında 1. tabaka kazısı (2024)";4 adet;;;;
lith-eclat-siret-belirsiz;éclat siret (belirsiz);E22;;éclat siret;;;"s. 200; Sinekkaya Mağarası 2024 yontma taş buluntuları.";2024 yontma taş buluntuları (toplam);;;;;;taş;;"1. Tabaka; Sinekkaya Mağarası";"A, B ve C alanlarında 1. tabaka kazısı (2024); A, B ve C alanlarında 1. tabaka kazısı (2024)";4 adet;;;;Dönemi belirlenememiştir.
lith-uzun-levallois-uc-up-q;uzun Levallois uç (ÜP?);E22;;elongated Levallois point;;;"s. 200; Sinekkaya Mağarası 2024 yontma taş buluntuları.";2024 yontma taş buluntuları (toplam);;Üst Paleolitik Dönem (possible);;;;taş;;"1. Tabaka; Sinekkaya Mağarası";"A, B ve C alanlarında 1. tabaka kazısı (2024); A, B ve C alanlarında 1. tabaka kazısı (2024)";1 adet;;;;
lith-iki-yuzeyli-cekirdek-op;iki yüzeyli/çekirdek (OP);E22;;biface or core;;;"s. 200; Sinekkaya Mağarası 2024 yontma taş buluntuları.";2024 yontma taş buluntuları (toplam);;Orta Paleolitik Dönem;;;;taş;;"1. Tabaka; Sinekkaya Mağarası";"A, B ve C alanlarında 1. tabaka kazısı (2024); A, B ve C alanlarında 1. tabaka kazısı (2024)";1 adet;;;;
lith-mikrolit-epipaleolitik-q;mikrolit (Epipaleolitik?);E22;;microlith;;;"s. 200; Sinekkaya Mağarası 2024 yontma taş buluntuları.";2024 yontma taş buluntuları (toplam);;Epipaleolitik Dönem (possible);;;;taş;2 adet;"1. Tabaka; Sinekkaya Mağarası";"A, B ve C alanlarında 1. tabaka kazısı (2024); A, B ve C alanlarında 1. tabaka kazısı (2024)";;;;;
lith-korteksli-yonga-belirsiz;korteksli yonga (belirsiz);E22;;cortical flake;;;"s. 200; Sinekkaya Mağarası 2024 yontma taş buluntuları.";2024 yontma taş buluntuları (toplam);;;;;;taş;;"1. Tabaka; Sinekkaya Mağarası";"A, B ve C alanlarında 1. tabaka kazısı (2024); A, B ve C alanlarında 1. tabaka kazısı (2024)";84 adet;;;;Dönemi belirlenememiştir.
lith-korteksli-yonga-neolitik-q;korteksli yonga (Neolitik?);E22;;cortical flake;;;"s. 200; Sinekkaya Mağarası 2024 yontma taş buluntuları.";2024 yontma taş buluntuları (toplam);;Neolitik Dönem (possible);;;;taş;;"1. Tabaka; Sinekkaya Mağarası";"A, B ve C alanlarında 1. tabaka kazısı (2024); A, B ve C alanlarında 1. tabaka kazısı (2024)";2 adet;;;;
lith-korteksli-yonga-neolitik;korteksli yonga (Neolitik);E22;;cortical flake;;;"s. 200; Sinekkaya Mağarası 2024 yontma taş buluntuları.";2024 yontma taş buluntuları (toplam);;Neolitik Dönem;;;;taş;;"1. Tabaka; Sinekkaya Mağarası";"A, B ve C alanlarında 1. tabaka kazısı (2024); A, B ve C alanlarında 1. tabaka kazısı (2024)";1 adet;;;;
lith-korteksli-yonga-op;korteksli yonga (OP);E22;;cortical flake;;;"s. 200; Sinekkaya Mağarası 2024 yontma taş buluntuları.";2024 yontma taş buluntuları (toplam);;Orta Paleolitik Dönem;;;;taş;;"1. Tabaka; Sinekkaya Mağarası";"A, B ve C alanlarında 1. tabaka kazısı (2024); A, B ve C alanlarında 1. tabaka kazısı (2024)";9 adet;;;;
lith-korteksli-yonga-up-q;korteksli yonga (ÜP?);E22;;cortical flake;;;"s. 200; Sinekkaya Mağarası 2024 yontma taş buluntuları.";2024 yontma taş buluntuları (toplam);;Üst Paleolitik Dönem (possible);;;;taş;;"1. Tabaka; Sinekkaya Mağarası";"A, B ve C alanlarında 1. tabaka kazısı (2024); A, B ve C alanlarında 1. tabaka kazısı (2024)";2 adet;;;;
lith-levallois-dilgi-op;Levallois dilgi (OP);E22;;Levallois blade;;;"s. 200; Sinekkaya Mağarası 2024 yontma taş buluntuları.";2024 yontma taş buluntuları (toplam);;Orta Paleolitik Dönem;;;;taş;;"1. Tabaka; Sinekkaya Mağarası";"A, B ve C alanlarında 1. tabaka kazısı (2024); A, B ve C alanlarında 1. tabaka kazısı (2024)";5 adet;;;;
lith-levallois-uc-op;Levallois uç (OP);E22;;Levallois point;;;"s. 200; Sinekkaya Mağarası 2024 yontma taş buluntuları.";2024 yontma taş buluntuları (toplam);;Orta Paleolitik Dönem;;;;taş;2 adet;"1. Tabaka; Sinekkaya Mağarası";"A, B ve C alanlarında 1. tabaka kazısı (2024); A, B ve C alanlarında 1. tabaka kazısı (2024)";;;;;
lith-levallois-yonga-op;Levallois yonga (OP);E22;;Levallois flake;;;"s. 200; Sinekkaya Mağarası 2024 yontma taş buluntuları.";2024 yontma taş buluntuları (toplam);;Orta Paleolitik Dönem;;;;taş;;"1. Tabaka; Sinekkaya Mağarası";"A, B ve C alanlarında 1. tabaka kazısı (2024); A, B ve C alanlarında 1. tabaka kazısı (2024)";21 adet;;;;
lith-levallois-yonga-op-q;Levallois yonga (OP?);E22;;Levallois flake;;;"s. 200; Sinekkaya Mağarası 2024 yontma taş buluntuları.";2024 yontma taş buluntuları (toplam);;Orta Paleolitik Dönem (possible);;;;taş;;"1. Tabaka; Sinekkaya Mağarası";"A, B ve C alanlarında 1. tabaka kazısı (2024); A, B ve C alanlarında 1. tabaka kazısı (2024)";1 adet;;;;
lith-litik-belirsiz;litik? (belirsiz);E22;;possible lithic;;;"s. 200; Sinekkaya Mağarası 2024 yontma taş buluntuları.";2024 yontma taş buluntuları (toplam);;;;;;taş;;"1. Tabaka; Sinekkaya Mağarası";"A, B ve C alanlarında 1. tabaka kazısı (2024); A, B ve C alanlarında 1. tabaka kazısı (2024)";2 adet;;;;Dönemi belirlenememiştir.
lith-litik-dogal;litik? (doğal);E19;;possible lithic;;;"s. 200; Sinekkaya Mağarası 2024 yontma taş buluntuları.";2024 yontma taş buluntuları (toplam);;;;;;taş;;"1. Tabaka; Sinekkaya Mağarası";"A, B ve C alanlarında 1. tabaka kazısı (2024); A, B ve C alanlarında 1. tabaka kazısı (2024)";2 adet;;;;Tabloda 'doğal' sütununda sayılmıştır.
lith-manuport-belirsiz;manuport (belirsiz);E19;;manuport;;;"s. 200; Sinekkaya Mağarası 2024 yontma taş buluntuları.";2024 yontma taş buluntuları (toplam);;;;;;taş;;"1. Tabaka; Sinekkaya Mağarası";"A, B ve C alanlarında 1. tabaka kazısı (2024); A, B ve C alanlarında 1. tabaka kazısı (2024)";1 adet;;;;Dönemi belirlenememiştir.
lith-parca-belirsiz;parça (belirsiz);E22;;fragment;;;"s. 200; Sinekkaya Mağarası 2024 yontma taş buluntuları.";2024 yontma taş buluntuları (toplam);;;;;;taş;;"1. Tabaka; Sinekkaya Mağarası";"A, B ve C alanlarında 1. tabaka kazısı (2024); A, B ve C alanlarında 1. tabaka kazısı (2024)";33 adet;;;;Dönemi belirlenememiştir.
lith-parca-neolitik;parça (Neolitik);E22;;fragment;;;"s. 200; Sinekkaya Mağarası 2024 yontma taş buluntuları.";2024 yontma taş buluntuları (toplam);;Neolitik Dönem;;;;taş;;"1. Tabaka; Sinekkaya Mağarası";"A, B ve C alanlarında 1. tabaka kazısı (2024); A, B ve C alanlarında 1. tabaka kazısı (2024)";1 adet;;;;
lith-pseudo-levallois-uc-op;pseudo Levallois uç (OP);E22;;pseudo-Levallois point;;;"s. 200; Sinekkaya Mağarası 2024 yontma taş buluntuları.";2024 yontma taş buluntuları (toplam);;Orta Paleolitik Dönem;;;;taş;;"1. Tabaka; Sinekkaya Mağarası";"A, B ve C alanlarında 1. tabaka kazısı (2024); A, B ve C alanlarında 1. tabaka kazısı (2024)";2 adet;;;;
lith-vurgac-belirsiz;vurgaç (belirsiz);E22;;hammerstone;;;"s. 200; Sinekkaya Mağarası 2024 yontma taş buluntuları.";2024 yontma taş buluntuları (toplam);;;;;;taş;2 adet;"1. Tabaka; Sinekkaya Mağarası";"A, B ve C alanlarında 1. tabaka kazısı (2024); A, B ve C alanlarında 1. tabaka kazısı (2024)";;;;;Dönemi belirlenememiştir.
lith-yari-omurgali-dilgi-neolitik-q;yarı omurgalı dilgi (Neolitik?);E22;;semi-crested blade;;;"s. 200; Sinekkaya Mağarası 2024 yontma taş buluntuları.";2024 yontma taş buluntuları (toplam);;Neolitik Dönem (possible);;;;taş;;"1. Tabaka; Sinekkaya Mağarası";"A, B ve C alanlarında 1. tabaka kazısı (2024); A, B ve C alanlarında 1. tabaka kazısı (2024)";1 adet;;;;
lith-yari-omurgali-dilgi-neolitik;yarı omurgalı dilgi (Neolitik);E22;;semi-crested blade;;;"s. 200; Sinekkaya Mağarası 2024 yontma taş buluntuları.";2024 yontma taş buluntuları (toplam);;Neolitik Dönem;;;;taş;;"1. Tabaka; Sinekkaya Mağarası";"A, B ve C alanlarında 1. tabaka kazısı (2024); A, B ve C alanlarında 1. tabaka kazısı (2024)";2 adet;;;;
lith-yari-omurgali-dilgi-op;yarı omurgalı dilgi (OP);E22;;semi-crested blade;;;"s. 200; Sinekkaya Mağarası 2024 yontma taş buluntuları.";2024 yontma taş buluntuları (toplam);;Orta Paleolitik Dönem;;;;taş;;"1. Tabaka; Sinekkaya Mağarası";"A, B ve C alanlarında 1. tabaka kazısı (2024); A, B ve C alanlarında 1. tabaka kazısı (2024)";1 adet;;;;
lith-yonga-belirsiz;yonga (belirsiz);E22;;flake;;;"s. 200; Sinekkaya Mağarası 2024 yontma taş buluntuları.";2024 yontma taş buluntuları (toplam);;;;;;taş;;"1. Tabaka; Sinekkaya Mağarası";"A, B ve C alanlarında 1. tabaka kazısı (2024); A, B ve C alanlarında 1. tabaka kazısı (2024)";245 adet;;;;Dönemi belirlenememiştir.
lith-yonga-neolitik-q;yonga (Neolitik?);E22;;flake;;;"s. 200; Sinekkaya Mağarası 2024 yontma taş buluntuları.";2024 yontma taş buluntuları (toplam);;Neolitik Dönem (possible);;;;taş;;"1. Tabaka; Sinekkaya Mağarası";"A, B ve C alanlarında 1. tabaka kazısı (2024); A, B ve C alanlarında 1. tabaka kazısı (2024)";18 adet;;;;
lith-yonga-neolitik;yonga (Neolitik);E22;;flake;;;"s. 200; Sinekkaya Mağarası 2024 yontma taş buluntuları.";2024 yontma taş buluntuları (toplam);;Neolitik Dönem;;;;taş;;"1. Tabaka; Sinekkaya Mağarası";"A, B ve C alanlarında 1. tabaka kazısı (2024); A, B ve C alanlarında 1. tabaka kazısı (2024)";11 adet;;;;
lith-yonga-op;yonga (OP);E22;;flake;;;"s. 200; Sinekkaya Mağarası 2024 yontma taş buluntuları.";2024 yontma taş buluntuları (toplam);;Orta Paleolitik Dönem;;;;taş;;"1. Tabaka; Sinekkaya Mağarası";"A, B ve C alanlarında 1. tabaka kazısı (2024); A, B ve C alanlarında 1. tabaka kazısı (2024)";28 adet;;;;
lith-yonga-op-up-q;yonga (OP-ÜP?);E22;;flake;;;"s. 200; Sinekkaya Mağarası 2024 yontma taş buluntuları.";2024 yontma taş buluntuları (toplam);;"Orta Paleolitik Dönem (possible); Üst Paleolitik Dönem (possible)";;;;taş;;"1. Tabaka; Sinekkaya Mağarası";"A, B ve C alanlarında 1. tabaka kazısı (2024); A, B ve C alanlarında 1. tabaka kazısı (2024)";1 adet;;;;
lith-yonga-op-q;yonga (OP?);E22;;flake;;;"s. 200; Sinekkaya Mağarası 2024 yontma taş buluntuları.";2024 yontma taş buluntuları (toplam);;Orta Paleolitik Dönem (possible);;;;taş;;"1. Tabaka; Sinekkaya Mağarası";"A, B ve C alanlarında 1. tabaka kazısı (2024); A, B ve C alanlarında 1. tabaka kazısı (2024)";6 adet;;;;
gravettian-point;Gravettien uç;E22;;Gravettian point;;;"X biriminden düzeltili dilgi (solda), Gravettien uç (sağda).; s. 199; s. 206";;;Üst Paleolitik Dönem;;;;taş;;"X birimi (defineci atık toprağı); Sinekkaya Mağarası";"A, B ve C alanlarında 1. tabaka kazısı (2024); A, B ve C alanlarında 1. tabaka kazısı (2024)";1 adet;;;;"Resim 6 alt yazısına göre X biriminden. Tablo 2'de ayrı bir satırı yoktur; hangi satırda sayıldığı belirtilmemiştir."
retouched-blade-x;X biriminden düzeltili dilgi;E22;;retouched blade;;;"X biriminden düzeltili dilgi (solda), Gravettien uç (sağda).; s. 206";;;;;;;taş;;"X birimi (defineci atık toprağı); Sinekkaya Mağarası";"A, B ve C alanlarında 1. tabaka kazısı (2024); A, B ve C alanlarında 1. tabaka kazısı (2024)";;;;;
microlith-f1-3;F1-3 biriminden geometrik mikrolit (üçgen, düzeltili);E22;;geometric microlith;;;"F1-3 (sağda) ve F1-4 birimlerinden iki düzeltili mikrolit (üçgen).; s. 199; s. 207";mikrolit (Epipaleolitik?);;"Epipaleolitik Dönem (possible); Üst Paleolitik Dönem (possible)";;;;taş;;"F1.3: En üstteki yanık, küllü alan.; B alanı";"A, B ve C alanlarında 1. tabaka kazısı (2024); A, B ve C alanlarında 1. tabaka kazısı (2024)";1 adet;;;;Üst Paleolitik'ten daha önceki dönemlere de ait olabilir.
microlith-f1-4;F1-4 biriminden geometrik mikrolit (üçgen, düzeltili);E22;;geometric microlith;;;"F1-3 (sağda) ve F1-4 birimlerinden iki düzeltili mikrolit (üçgen).; s. 199; s. 207";mikrolit (Epipaleolitik?);;"Epipaleolitik Dönem (possible); Üst Paleolitik Dönem (possible)";;;;taş;;"F1.4: F1.1 altında yer alan sıvalı gibi sertleşmiş birim.; A alanı";"A, B ve C alanlarında 1. tabaka kazısı (2024); A, B ve C alanlarında 1. tabaka kazısı (2024)";1 adet;;;;Üst Paleolitik'ten daha önceki dönemlere de ait olabilir.
levallois-point-f1-9;F1-9 biriminden Levallois uç;E22;;Levallois point;;;"F1-9 birimindeki sertleşmiş dolgu (alt ortada), Levallois uç (alt sağ), yontma taşlar (üst sol) ve seramikler (üst sağda).; s. 199; s. 206";Levallois uç (OP);;Orta Paleolitik Dönem;;;;taş;;"F1.9: F1-2'nin altındaki 'sıvalı' sertleşmiş dolgunun üst sıvası. 2 kat taban mevcut. İlki kum ve küçük taşçıklı.; C alanı";"A, B ve C alanlarında 1. tabaka kazısı (2024); A, B ve C alanlarında 1. tabaka kazısı (2024)";;;;;
micro-levallois-core-f1-7;F1-7 biriminden mikro Levallois çekirdek;E22;;micro Levallois core;;;"F1-7 birimindeki kanal (sağ altta), mikro Levallois çekirdek (sol üstte) ve yontma taşlar (sağ üstte).; s. 205";;;;;;;taş;;"F1.7: Kanal.; A alanı";"A, B ve C alanlarında 1. tabaka kazısı (2024); A, B ve C alanlarında 1. tabaka kazısı (2024)";;;;;
hammerstones;Vurgaçlar;E22;;hammerstone;;;"F1-5 birimindeki ocak (üst solda), tespit edilmiş yontma taş buluntular (alt ortada), volkanik çay taşından vurgaç (sağda).; s. 201; s. 205";vurgaç (belirsiz);;;;;;volcanic river pebble;;"1. Tabaka; Sinekkaya Mağarası";"A, B ve C alanlarında 1. tabaka kazısı (2024); A, B ve C alanlarında 1. tabaka kazısı (2024)";2 adet;;;;
pottery-neolithic;Neolitik Dönem seramiği;E22;;pottery sherds;;;"F1-9 birimindeki sertleşmiş dolgu (alt ortada), Levallois uç (alt sağ), yontma taşlar (üst sol) ve seramikler (üst sağda).; s. 198; s. 199; s. 206";;;Neolitik Dönem;;;;;;"1. Tabaka; Sinekkaya Mağarası";"A, B ve C alanlarında 1. tabaka kazısı (2024); A, B ve C alanlarında 1. tabaka kazısı (2024)";;;;;"Çok az sayıda; sayı verilmemiştir. Resim 5'e göre F1-9 biriminde de seramik vardır."
plastics;Ambalaj parçaları, sigara ağızlıkları gibi plastik malzeme;E22;;modern debris;;;s. 202;;;Cumhuriyet Dönemi;;;;plastic;;"1. Tabaka; Sinekkaya Mağarası";"A, B ve C alanlarında 1. tabaka kazısı (2024); A, B ve C alanlarında 1. tabaka kazısı (2024)";;;;;Az sayıda.
dung;Küçükbaş hayvan dışkı kalıntıları;E20;;animal dung;;;"s. 198; s. 202";;;;;;;;;"1. Tabaka; Sinekkaya Mağarası";"A, B ve C alanlarında 1. tabaka kazısı (2024); A, B ve C alanlarında 1. tabaka kazısı (2024)";;Yakın dönem (olasılıkla son 50-60 yıl);;;
fauna-2024;2024 hayvan kemik kalıntıları (toplam);E20;;hayvan kemiği;;diş fazlalığı korunum farkından kaynaklanmış olabilir;"s. 198; s. 201";;;;;;;;;"1. Tabaka; Sinekkaya Mağarası";"A, B ve C alanlarında 1. tabaka kazısı (2024); A, B ve C alanlarında 1. tabaka kazısı (2024)";;;about 40 litre;;"Kırık parçalar olduğu için sayılmamıştır. Kötü korunmuş ve küçük parçalara ayrılmış. Uzun kemikler kafatası parçalarından fazla; boynuz parçası yok denecek kadar az; diş sayısı fazla; küçük memeli kalıntısı çok."
fauna-ice-age;Buzul dönemi faunası;E20;;hayvan kemiği;;Orta Paleolitik'te mağara büyük mağara faunası tarafından da kullanılmıştır;"s. 201; s. 202";2024 hayvan kemik kalıntıları (toplam);;;;;;;;"1. Tabaka; Sinekkaya Mağarası";"A, B ve C alanlarında 1. tabaka kazısı (2024); A, B ve C alanlarında 1. tabaka kazısı (2024)";;Paleolitik Çağ;;"Panthera spelaea; Ursus spelaeus; Crocuta crocuta spelaea";Metne göre Panthera spelaea 450.000-14.000 yıl önce Avrasya'da yayılım göstermiş, Ursus spelaeus yaklaşık 24.000 yıl önce tükenmiş, Crocuta crocuta spelaea'nın Avrupa'daki en geç örnekleri yaklaşık 31.000 yıl önce yok olmuştur. Ön inceleme.
cave-bear;Mağara ayısı kalıntıları (dişler, çene parçaları, parmak ve bilek kemikleri);E20;;hayvan kemiği;;kemikler ayı kürkleri içinde mağaraya taşınmış olabilir;"Mağara ayısına (Ursus spelaeus) ait kalıntılar.; s. 202; s. 207";Buzul dönemi faunası;;;;;;;;"1. Tabaka; Sinekkaya Mağarası";"A, B ve C alanlarında 1. tabaka kazısı (2024); A, B ve C alanlarında 1. tabaka kazısı (2024)";;;;Ursus spelaeus;In situ tabakalardan değil, karışık dolgulardan.
hyena-mandible;Benekli mağara sırtlanı alt çenesi;E20;;mandible;;;"Benekli mağara sırtlanına (Crocuta crocuta spelaea) ait alt çene.; s. 201; s. 208";Buzul dönemi faunası;;;;;;;;"1. Tabaka; Sinekkaya Mağarası";"A, B ve C alanlarında 1. tabaka kazısı (2024); A, B ve C alanlarında 1. tabaka kazısı (2024)";;;;Crocuta crocuta spelaea;
fauna-neolithic;Neolitik Dönem'e tarihlenebilecek hayvan kalıntıları;E20;;hayvan kemiği;;dönemin insan toplulukları bu hayvanlardan gıda temini amacıyla yararlanmıştır;"s. 201; s. 202";2024 hayvan kemik kalıntıları (toplam);;;;;;;;"1. Tabaka; Sinekkaya Mağarası";"A, B ve C alanlarında 1. tabaka kazısı (2024); A, B ve C alanlarında 1. tabaka kazısı (2024)";;Neolitik Dönem (possible);;"Canis lupus; Vulpes vulpes; Cervus elaphus; Dama dama; Equus caballus; Bos taurus; Ovis aries";Bu türlerle 2023 çalışmalarında da karşılaşılmıştır.
fauna-extant-other;Günümüzde de yaşayan diğer türler;E20;;hayvan kemiği;;;s. 201;2024 hayvan kemik kalıntıları (toplam);;;;;;;;"1. Tabaka; Sinekkaya Mağarası";"A, B ve C alanlarında 1. tabaka kazısı (2024); A, B ve C alanlarında 1. tabaka kazısı (2024)";;;;"Castor fiber; Felis rufus";Tür adları basıldığı gibi.
beaver-jaw;Kunduz çenesi;E20;;mandible;;;"Kunduz (Castor) türüne ait çene.; s. 201; s. 208";Günümüzde de yaşayan diğer türler;;;;;;;;"1. Tabaka; Sinekkaya Mağarası";"A, B ve C alanlarında 1. tabaka kazısı (2024); A, B ve C alanlarında 1. tabaka kazısı (2024)";;;;Castor fiber;Resim 10 alt yazısında 'Castor' olarak geçer.
fauna-higher-taxa;Tür tayini yapılamayan hayvan kalıntıları;E20;;hayvan kemiği;;;s. 201;2024 hayvan kemik kalıntıları (toplam);;;;;;;;"1. Tabaka; Sinekkaya Mağarası";"A, B ve C alanlarında 1. tabaka kazısı (2024); A, B ve C alanlarında 1. tabaka kazısı (2024)";;;;"Testudae; Aves; Pisces; Lepus; Suidae; Lynx; Spalax; Mesocricetus; Gerbillus; Vespertlio; Dinaromys; Martes; Paradipus; Mustela; Microtus";Yüksek oranda parçalanmış. Adlar basıldığı gibi.
