own number;name;class;second class;type;begin;end;scale;link: took place on or within;shown or described in;link: led to the formation of;place;link: investigated;people;part_of;link: removed part or all of;link: used;link: continued;measure: number of buckets;measure: volume per bucket;measure: kazılan kütle;link: was done for;remark
survey-2009;Mağaranın tespiti (2009);E7;;surface survey;2009;2009;CE;Sinekkaya Mağarası;"s. 10; s. 105; s. 197";;;;;;;;;;;;;
looting;Yasadışı definecilik kazıları;E7;;illegal excavation;2009;2013;CE;Sinekkaya Mağarası;"s. 197; s. 202";X birimi (defineci atık toprağı);;;;;;;;;;;;"2009-2013 arasında gerçekleştiği biliniyordu; 2024 kazısı geçmişinin bundan daha uzun olduğunu göstermiştir."
campaign-2023;Sinekkaya Mağarası 2023 kazısı;A9;;excavation campaign;2023;2023;CE;;"dincer-2024; s. 197";;Sinekkaya Mağarası (konum);Sinekkaya Mağarası;Bursa Arkeoloji Müzesi Müdürlüğü (directing institution);;;;;;;;;İlk kazı sezonu. Hedef defineci tahribatındaki kültür varlıklarının kurtarılmasıydı.
exc-2023-x;X biriminin kaldırılması (2023);A1;;;;;;"B alanı; C alanı; A alanı";"s. 197; s. 198";;;;;Sinekkaya Mağarası 2023 kazısı;X birimi (defineci atık toprağı);;;;;;;
sieving-2023;Defineci dolgularının elenmesi (2023);E7;;eleme;;;;;s. 197;;;;;Sinekkaya Mağarası 2023 kazısı;;X birimi (defineci atık toprağı);;;;;;
campaign-2024;Sinekkaya Mağarası 2024 kazısı;A9;;excavation campaign;2024;2024;CE;;"Sinekkaya Mağarası (Orhaneli, Bursa) Kazısı 2024; s. 198; s. 202; Sinekkaya Mağarası 2024 çalışmalarından bir 3B model örneği.; Sinekkaya Mağarası kazı çalışmalarında C (solda) ve B (sağda) alanları.";;Sinekkaya Mağarası (konum);Sinekkaya Mağarası;"Berkay Dinçer (yazar); Serkan Şahin (yazar); Eylem Tuğutlu (yazar); Zeynep İçel (yazar); Göknur Karahan (ekip üyesi); Aleyna Bekçi (ekip üyesi); Z. Rüveyda Arslan (ekip üyesi); Büşra Kılıçtaş (ekip üyesi); Sude N. Dilmen (ekip üyesi); Ezgi Takcı (ekip üyesi); Yaren N. Arslan (ekip üyesi); Beyza N. Çapar (ekip üyesi); Elif Ç. Doğu (ekip üyesi); A. Sena Akman (ekip üyesi); Dilber Sağdıç (ekip üyesi); Canan R. Yaşar (ekip üyesi); Özlem Kaya (ekip üyesi)";;;;Sinekkaya Mağarası 2023 kazısı;;;;;"Hedef in situ dolgulara ulaşmaktı; ulaşılamadı. 2024 için kazı başkanı metinde belirtilmemiştir."
doc-3d;Fotogrametri ile üç boyutlu belgeleme;E7;;photogrammetric documentation;;;;Sinekkaya Mağarası;"s. 198; Sinekkaya Mağarası 2024 çalışmalarından bir 3B model örneği.";;;;;Sinekkaya Mağarası 2024 kazısı;;;;;;;;
doc-plan;Elle çizim yöntemiyle plan çizimi;E7;;hand drawing;;;;Sinekkaya Mağarası;s. 198;;;;;Sinekkaya Mağarası 2024 kazısı;;;;;;;;
exc-2024;A, B ve C alanlarında 1. tabaka kazısı (2024);A1;;décapage excavation;;;;"B alanı; C alanı; A alanı";"s. 198; s. 199; Sinekkaya Mağarası kazı çalışmalarında C (solda) ve B (sağda) alanları.";;;;;Sinekkaya Mağarası 2024 kazısı;"F1.1: En üstteki sıvalı gibi sertleşmiş birim.; F1.2: En üstteki sıvalı gibi sertleşmiş birim.; F1.3: En üstteki yanık, küllü alan.; F1.4: F1.1 altında yer alan sıvalı gibi sertleşmiş birim.; F1.5: A alanında sertleşmiş dolgunun altındaki yumuşak dolgu.; F1.6: Mağaranın duvar kenarında nem dolayısıyla sertleşerek konsolide olmuş dolgu.; F1.7: Kanal.; F1.8: A'nın kuzey kenarındaki nispeten sertleşmiş, açık kahverengi renkli taşçık içeren, olasılıkla Holosen.; F1.9: F1-2'nin altındaki 'sıvalı' sertleşmiş dolgunun üst sıvası. 2 kat taban mevcut. İlki kum ve küçük taşçıklı.";;;871 kova;10 litre;0.871 ton;;"Birimler ayrı ayrı kazılmış ve tanımlanmıştır. F1.6 dışındaki birimler yalnızca fırça ile kazılmıştır. Basılı metinde 871 kova × 10 litre = 0,871 metrik ton olarak verilir; hacim ve kütle birbiriyle tutarlı görünmemektedir."
sieving-2024;Kazılan toprağın tamamının elenmesi (2024);E7;;dry sieving;;;;;s. 198;;;;;Sinekkaya Mağarası 2024 kazısı;;;;;;;;2 mm kuru elek.
protection;Mağaranın korunması;E7;;site protection;;;;Sinekkaya Mağarası;"s. 198; s. 202";;;;Orhaneli İlçe Jandarma Komutanlığı (security);;;;;;;;;2023 kazısından sonra mağaranın hiç tahrip edilmediği gözlemlenmiştir.
support;Konaklama ve destek;E7;;logistic support;;;;;s. 202;;;;"Orhaneli Belediye Başkanlığı (accommodation); Orhaneli Kaymakamlığı (support); Orhaneli/Beyce Kadın Kooperatifi (support)";;;;;;;;Sinekkaya Mağarası 2024 kazısı;
