own number;name;class;second class;shown or described in;part_of;remark
palaeolithic;Paleolitik Çağ;E4;;s. 197;;
middle-palaeolithic;Orta Paleolitik Dönem;E4;;"s. 197; s. 199";Paleolitik Çağ;
upper-palaeolithic;Üst Paleolitik Dönem;E4;;"s. 197; s. 199";Paleolitik Çağ;
epipalaeolithic;Epipaleolitik Dönem;E4;;s. 199;;
neolithic;Neolitik Dönem;E4;;"s. 197; s. 198";;
pleistocene;Pleyistosen;E4;;"s. 198; s. 202";;
holocene;Holosen;E4;;s. 198;;
republic;Cumhuriyet Dönemi;E4;;"s. 201; s. 202";;
recent;Yakın dönem (olasılıkla son 50-60 yıl);E4;;s. 198;;
