own number;name;class;second class;source;locator;remark
;s. 204;E31;;Sinekkaya Mağarası (Orhaneli, Bursa) Kazısı 2024;204;
;s. 205;E31;;Sinekkaya Mağarası (Orhaneli, Bursa) Kazısı 2024;205;
;s. 206;E31;;Sinekkaya Mağarası (Orhaneli, Bursa) Kazısı 2024;206;
;s. 207;E31;;Sinekkaya Mağarası (Orhaneli, Bursa) Kazısı 2024;207;
;s. 208;E31;;Sinekkaya Mağarası (Orhaneli, Bursa) Kazısı 2024;208;
;s. 199;E31;;Sinekkaya Mağarası (Orhaneli, Bursa) Kazısı 2024;199;
;s. 200;E31;;Sinekkaya Mağarası (Orhaneli, Bursa) Kazısı 2024;200;
;s. 198;E31;;Sinekkaya Mağarası (Orhaneli, Bursa) Kazısı 2024;198;
;s. 10;E31;;dincer-2010;10;
;s. 105;E31;;sahin-2011;105;
;s. 197;E31;;Sinekkaya Mağarası (Orhaneli, Bursa) Kazısı 2024;197;
;s. 198, 199, 202;E31;;Sinekkaya Mağarası (Orhaneli, Bursa) Kazısı 2024;198, 199, 202;
;s. 201;E31;;Sinekkaya Mağarası (Orhaneli, Bursa) Kazısı 2024;201;
;s. 202;E31;;Sinekkaya Mağarası (Orhaneli, Bursa) Kazısı 2024;202;
;s. 203;E31;;Sinekkaya Mağarası (Orhaneli, Bursa) Kazısı 2024;203;
