own number;name;class;second class;type;shown_in;made_by;shown or described in;scale;remark
Resim 1;Sinekkaya Mağarası 2024 çalışmalarından bir 3B model örneği.;E36;;fotoğraf;s. 204;;;;
Resim 2;Sinekkaya Mağarası kazı çalışmalarında C (solda) ve B (sağda) alanları.;E36;;fotoğraf;s. 204;;;;
Resim 3;F1-5 birimindeki ocak (üst solda), tespit edilmiş yontma taş buluntular (alt ortada), volkanik çay taşından vurgaç (sağda).;E36;;fotoğraf;s. 205;;;;
Resim 4;F1-7 birimindeki kanal (sağ altta), mikro Levallois çekirdek (sol üstte) ve yontma taşlar (sağ üstte).;E36;;fotoğraf;s. 205;;;;
Resim 5;F1-9 birimindeki sertleşmiş dolgu (alt ortada), Levallois uç (alt sağ), yontma taşlar (üst sol) ve seramikler (üst sağda).;E36;;fotoğraf;s. 206;;;;
Resim 6;X biriminden düzeltili dilgi (solda), Gravettien uç (sağda).;E36;;fotoğraf;s. 206;;;;
Resim 7;F1-3 (sağda) ve F1-4 birimlerinden iki düzeltili mikrolit (üçgen).;E36;;fotoğraf;s. 207;;;;
Resim 8;Mağara ayısına (Ursus spelaeus) ait kalıntılar.;E36;;fotoğraf;s. 207;;;;
Resim 9;Benekli mağara sırtlanına (Crocuta crocuta spelaea) ait alt çene.;E36;;fotoğraf;s. 208;;;;
Resim 10;Kunduz (Castor) türüne ait çene.;E36;;fotoğraf;s. 208;;;;
Tablo 1;Sinekkaya Mağarası'nda 2024 yılı stratigrafik birimleri özeti.;E36;;tablo;s. 199;;;;
Tablo 2;Sinekkaya Mağarası 2024 yontma taş buluntuları.;E36;;tablo;s. 200;;;;
rec-3d-model;Mağaranın fotogrametrik üç boyutlu modeli;E73;;3B model;;Fotogrametri ile üç boyutlu belgeleme;"s. 198; Sinekkaya Mağarası 2024 çalışmalarından bir 3B model örneği.";;
rec-plan;Mağaranın planı;E36;;plan;;Elle çizim yöntemiyle plan çizimi;s. 198;1/50;
