own number;name;class;second class;type;part_of;shown or described in;remark
;Ankara;E53;;;;;
mersin;Mersin;E53;;antik kent;;;"Metin ili açıkça belirtmez; kurum adlarından ve kaynakçadan anlaşılır."
yumuktepe;Yumuktepe;E53;;höyük;Mersin;s. 265;
gya;Güney Yamaç Açması (GYA) sektörü;E53;;excavation sector;Yumuktepe;"s. 265; s. 267";
kuzeydogu-sektor;Kuzeydoğu sektörü;E53;;excavation sector;Yumuktepe;"Kuzeydoğu sektöründe yeni kazılarla alanın ilk defa araştırılması; s. 265";
kuzeybati-sektor;Kuzeybatı sektörü;E53;;excavation sector;Yumuktepe;s. 272;
zirve;Yumuktepe zirvesi;E53;;summit;Yumuktepe;"Zirvedeki yapıların restorasyon ve konservasyonu; s. 266";
muftu-deresi;Müftü Deresi;E53;;stream;Mersin;s. 265;
akut-yani;Höyüğün kuzeybatısındaki eski AKUT binası (eski Truva Atı) yanı;E53;;locality;Yumuktepe;s. 266;
plankare-z15;Z 15 plankaresi;E53;;plankare;Güney Yamaç Açması (GYA) sektörü;"Z 15 plankaresinde kazı; s. 272";
