own number;name;class;second class;member_of;number: ORCID;shown or described in;link: has the member;remark
ulas;Burhan Ulaş;E21;;İnönü Üniversitesi, Fen Edebiyat Fakültesi, Arkeoloji Bölümü;0000-0002-0031-7222;s. 265;;
evgen;Gamze Evgen;E21;;"""Geleceğe Miras Projesi"" Yumuktepe 2024 ekibi";;"s. 265; s. 272";;Yazar dipnotunda kurum ve ORCID verilmemiştir.
caneva;Isabella Caneva;E21;;İtalyan Kazı Heyeti (Yumuktepe);;"s. 266; s. 273";;
palumbi;Giulio Palumbi;E21;;İtalyan Kazı Heyeti (Yumuktepe);;"s. 266; s. 273";;
koroglu-gulgun;Gülgün Köroğlu;E21;;"""Geleceğe Miras Projesi"" Yumuktepe 2024 ekibi";;"s. 266; s. 269; s. 270; s. 271; s. 272";;Metinde çoğunlukla 'G. Köroğlu' olarak geçer.
koroglu-kemalettin;Kemalettin Köroğlu;E21;;;;s. 267;;"Metinde basıldığı gibi; verilen atıf 'Caneva ve Köroğlu 2010'dur."
jean;Eric Jean;E21;;;;s. 267;;
garstang;John Garstang;E21;;;;"s. 267; s. 268; s. 272";;
yilmaz-fatih;Fatih Yılmaz;E21;;Harran Üniversitesi Arkeoloji Bölümü;;"s. 267; s. 272; s. 273";;
onar;V. Onar;E21;;;;s. 269;;Yalnızca baş harfle anılmıştır.
unlu-yasar;Yaşar Ünlü;E21;;"""Geleceğe Miras Projesi"" Yumuktepe 2024 ekibi";;s. 272;;
torun;Hülya Torun;E21;;"""Geleceğe Miras Projesi"" Yumuktepe 2024 ekibi";;s. 272;;
kaymaz;Berivan Kaymaz;E21;;"""Geleceğe Miras Projesi"" Yumuktepe 2024 ekibi";;s. 272;;
seker;Seher Şeker;E21;;"""Geleceğe Miras Projesi"" Yumuktepe 2024 ekibi";;s. 272;;
dundar;Sezer Dündar;E21;;"""Geleceğe Miras Projesi"" Yumuktepe 2024 ekibi";;s. 272;;
asik;Ece Aşık;E21;;"""Geleceğe Miras Projesi"" Yumuktepe 2024 ekibi";;s. 272;;
kose;Sefa Köse;E21;;"""Geleceğe Miras Projesi"" Yumuktepe 2024 ekibi";;s. 272;;
sert;Abdullah Sert;E21;;"""Geleceğe Miras Projesi"" Yumuktepe 2024 ekibi";;s. 272;;
aktan;Kübra Aktan;E21;;"""Geleceğe Miras Projesi"" Yumuktepe 2024 ekibi";;s. 272;;
yazici;Zeynep İrem Yazıcı;E21;;"""Geleceğe Miras Projesi"" Yumuktepe 2024 ekibi";;s. 272;;
budak;Ada Budak;E21;;"""Geleceğe Miras Projesi"" Yumuktepe 2024 ekibi";;s. 272;;
atesogullari;Soner Ateşoğulları;E21;;;;;;
gmp-koordinatorlugu;"""Geleceğe Miras Projesi"" Yumuktepe Koordinatörlüğü";E74;;;;s. 265;;
gmp-ekibi-2024;"""Geleceğe Miras Projesi"" Yumuktepe 2024 ekibi";E74;;"""Geleceğe Miras Projesi"" Yumuktepe Koordinatörlüğü";;"s. 266; s. 272";;
italyan-heyeti;İtalyan Kazı Heyeti (Yumuktepe);E74;;;;s. 265;;
inonu;İnönü Üniversitesi;E74;;;;s. 265;;
inonu-arkeoloji;İnönü Üniversitesi, Fen Edebiyat Fakültesi, Arkeoloji Bölümü;E74;;İnönü Üniversitesi;;s. 265;;
harran-arkeoloji;Harran Üniversitesi Arkeoloji Bölümü;E74;;;;"s. 267; s. 272";;
mersin-uni;Mersin Üniversitesi;E74;;;;s. 266;;
mersin-uni-harita;Mersin Üniversitesi Harita Mühendisliği Bölümü;E74;;Mersin Üniversitesi;;s. 266;;
mersin-uni-biyoloji;Mersin Üniversitesi Biyoloji Bölümü;E74;;Mersin Üniversitesi;;s. 266;;
mersin-bb;Mersin Büyükşehir Belediyesi;E74;;;;"s. 266; s. 272";;
toroslar-belediyesi;Toroslar Belediyesi;E74;;;;s. 272;;
mersin-valiligi;Mersin Valiliği;E74;;;;s. 272;;
mersin-il-kultur;Mersin İl Kültür ve Turizm Müdürlüğü;E74;;;;s. 272;;
mersin-muze;Mersin Müze Müdürlüğü;E74;;;;s. 272;;
ktb;T.C. Kültür ve Turizm Bakanlığı;E74;;;;s. 272;;
kvmgm;Kültür Varlıkları ve Müzeler Genel Müdürlüğü;E74;;T.C. Kültür ve Turizm Bakanlığı;;s. 272;;
gelecege-miras;Geleceğe Miras Projesi Daire Başkanlığı;E74;;Kültür Varlıkları ve Müzeler Genel Müdürlüğü;;s. 272;;
kazilar-db;KVMGM Kazılar ve Araştırmalar Daire Başkanlığı;E74;;Kültür Varlıkları ve Müzeler Genel Müdürlüğü;;s. 272;;
;Gamze Evgen, Burhan Ulaş;E74;;;;;"Gamze Evgen; Burhan Ulaş";
