own number;name;class;second class;type;place;begin;end;scale;people;shown or described in;part_of;link: continued;link: investigated;approx;link: also took place at;link: took place on or within;link: removed part or all of;link: was done for;method;link: observed;remark
programme-2024-28;"""Geleceğe Miras Projesi"" Yumuktepe programı 2024-2028";E7;;research programme;Yumuktepe;2024;2028;CE;"""Geleceğe Miras Projesi"" Yumuktepe Koordinatörlüğü (coordinating body)";s. 265;;;;;;;;;;;"Üç hedef: GYA ve Kuzeydoğu sektörlerinde kronolojik stratigrafik dizi; Kuzeydoğu sektörünün ilk kez araştırılması; Arkeopark projesinde yer almayan restorasyon, konservasyon ve restitüsyon çalışmaları."
campaign-2024;"Yumuktepe ""Geleceğe Miras Projesi"" 2024 kazı sezonu";A9;;excavation campaign;Güney Yamaç Açması (GYA) sektörü;2024;2024;CE;"Burhan Ulaş (author and project team); Gamze Evgen (author and project team); ""Geleceğe Miras Projesi"" Yumuktepe 2024 ekibi (team); ""Geleceğe Miras Projesi"" Yumuktepe Koordinatörlüğü (coordinating body); Giulio Palumbi (excavation director (supporting))";"Yumuktepe Höyük ""Geleceğe Miras Projesi"" 2024 Kazı Çalışmaları; s. 265; s. 267; s. 272; Kazı çalışması gerçekleştirilen AA15, BB15, DD15 ve EE18 (fotoğrafta sol üst köşede) açmaları.; 2024 yılında kazısı gerçekleştirilen plankareleri ve önceki kazı alanlarını gösteren plan.";"""Geleceğe Miras Projesi"" Yumuktepe programı 2024-2028";"Garstang kazıları; GYA sektöründeki ilk kazılar (1990'lı yıllar); G. Köroğlu Orta Çağ kazıları 1993-2010; GYA kazıları (Eric Jean ve Isabella Caneva); İtalyan Kazı Heyeti kazıları (Caneva kazıları)";Yumuktepe Höyüğü;;;;;;;;Yazarların projedeki unvanları metinde belirtilmemiştir. Kazı Başkanı G. Palumbi'dir.
garstang-excavations;Garstang kazıları;A9;;excavation campaign;;;;;John Garstang (excavation director);"s. 267; s. 268";;;Yumuktepe Höyüğü;;;;;;;;"Metin tarih vermez; yayın: Garstang 1953."
gya-1990s;GYA sektöründeki ilk kazılar (1990'lı yıllar);A9;;excavation campaign;Güney Yamaç Açması (GYA) sektörü;1990;1999;CE;Kemalettin Köroğlu (excavator);s. 267;;;Yumuktepe Höyüğü;1;;;;;;;
koroglu-1993-2010;G. Köroğlu Orta Çağ kazıları 1993-2010;A9;;excavation campaign;Yumuktepe zirvesi;1993;2010;CE;Gülgün Köroğlu (excavator);"s. 266; s. 270";;;Yumuktepe Höyüğü;;;;;;;;
gya-jean-caneva;GYA kazıları (Eric Jean ve Isabella Caneva);A9;;excavation campaign;Güney Yamaç Açması (GYA) sektörü;;;;"Eric Jean (excavator); Isabella Caneva (excavator)";s. 267;;;Yumuktepe Höyüğü;;;;;;;;"Metin tarih vermez; yayın: Caneva ve Jean 2016."
italian-mission;İtalyan Kazı Heyeti kazıları (Caneva kazıları);A9;;excavation campaign;;;;;"İtalyan Kazı Heyeti (Yumuktepe) (sorumlu kurum); Isabella Caneva (former excavation director); Giulio Palumbi (excavation director)";"s. 265; s. 268; s. 273";;;Yumuktepe Höyüğü;;;;;;;;"Halihazırda yürütülmektedir; metin başlangıç tarihi vermez."
arkeopark;Yumuktepe Arkeopark ve Çevre Düzenlemesi Projesi;E7;;archaeopark project;Yumuktepe;;;;"Isabella Caneva (initiator); Mersin Büyükşehir Belediyesi (supporting institution)";"s. 265; s. 266";;;;;;;;;;;"Devam etmektedir; yalnızca Neolitik ve Kalkolitik dönemleri kapsar."
exc-aa15;AA 15 açması kazısı 2024;A1;;;;;;;;"s. 267; s. 268; AA15 açmasındaki A 701 yapı katı.";"Yumuktepe ""Geleceğe Miras Projesi"" 2024 kazı sezonu";;;;A701 yapı katı;AA 15 açması;;;;;
exc-bb15;BB 15 açması kazısı 2024;A1;;;;;;;;"s. 269; s. 270; BB15 açmasında tespit edilen yapı katları.";"Yumuktepe ""Geleceğe Miras Projesi"" 2024 kazı sezonu";;;;;BB 15 açması;B3 kerpiç blokları üzerindeki sert 'harç' (küçük kireç taşı ve çömlek parçalı);;;;
exc-dd15;DD 15 açması kazısı 2024;A1;;;;;;;;"s. 270; s. 271; DD15 açmasında ortaya çıkarılan yapı katları.";"Yumuktepe ""Geleceğe Miras Projesi"" 2024 kazı sezonu";;;;;DD 15 açması;;;;;
exc-ee18;EE 18 açması kazısı 2024;A1;;;;;;;;"s. 271; EE18 plankaresinde tespit edilen Orta Çağ 13.-14. yy. teras yapı katları.";"Yumuktepe ""Geleceğe Miras Projesi"" 2024 kazı sezonu";;;;;EE 18 açması;;;;;Hazne çukurunda seviye inme çalışması yapılmıştır.
strat-correlation;2024 verilerinin Caneva kazısı verileriyle stratigrafik karşılaştırması;E7;;stratigraphic correlation;Güney Yamaç Açması (GYA) sektörü;;;;;s. 265;"Yumuktepe ""Geleceğe Miras Projesi"" 2024 kazı sezonu";;;;;;;;;;
pottery-analysis;Çanak çömlek analizleri;E7;;pottery analysis;;;;;Fatih Yılmaz (analyst);"s. 267; s. 272";"Yumuktepe ""Geleceğe Miras Projesi"" 2024 kazı sezonu";;;;;A701 yapı katı;;;;;
archaeobotany-2024;2024 arkeobotanik gözlem ve analizleri;E7;;archaeobotanical analysis;Güney Yamaç Açması (GYA) sektörü;;;;;"s. 267; s. 269; s. 271";"Yumuktepe ""Geleceğe Miras Projesi"" 2024 kazı sezonu";;;;;;;;;;Analizi yapan kişi metinde belirtilmemiştir.
restoration-project-prep;Zirvedeki Orta Çağ yapı katları için restorasyon projesinin hazırlanıp Bakanlığa teslimi;E7;;restoration project preparation;Yumuktepe zirvesi;;;;;s. 266;"Yumuktepe ""Geleceğe Miras Projesi"" 2024 kazı sezonu";;;;;;;;;;
infrastructure-2024;Konteynerlerin yerleştirilmesi ve çalışma alanının panel çitle kapatılması;E7;;infrastructure setup;Höyüğün kuzeybatısındaki eski AKUT binası (eski Truva Atı) yanı;;;;;s. 266;"Yumuktepe ""Geleceğe Miras Projesi"" 2024 kazı sezonu";;;;;;;;;;
collaboration-mersin-uni;Mersin Üniversitesi ile ortak projeler için iş birliklerinin başlatılması;E7;;collaboration;Mersin;;;;"Mersin Üniversitesi Harita Mühendisliği Bölümü (partner); Mersin Üniversitesi Biyoloji Bölümü (partner)";s. 266;"Yumuktepe ""Geleceğe Miras Projesi"" 2024 kazı sezonu";;;;;;;;;;
support-2024;2024 çalışmaları için izin ve destek;E7;;permission and support;;2024;2024;CE;"T.C. Kültür ve Turizm Bakanlığı (permitting authority); Kültür Varlıkları ve Müzeler Genel Müdürlüğü (permitting authority); Geleceğe Miras Projesi Daire Başkanlığı (supporting unit); KVMGM Kazılar ve Araştırmalar Daire Başkanlığı (supporting unit); Mersin Valiliği (supporting institution); Mersin İl Kültür ve Turizm Müdürlüğü (supporting institution); Mersin Müze Müdürlüğü (supporting institution); Mersin Büyükşehir Belediyesi (supporting institution); Toroslar Belediyesi (supporting institution); Giulio Palumbi (supporter); Isabella Caneva (supporter)";"s. 272; s. 273";;;;;;;;"Yumuktepe ""Geleceğe Miras Projesi"" 2024 kazı sezonu";;;
;Örnek alma: Zeytin çekirdeği (A701 ocağının doğusu);S2;;örnek alma;;;;;;;AA 15 açması kazısı 2024;;;;;;;;;;
;Örnek alma: Mercimek tohumları (A701 ocağının güneyi);S2;;örnek alma;;;;;;;AA 15 açması kazısı 2024;;;;;;;;;;
;Örnek alma: Arpa (BX fırını);S2;;örnek alma;;;;;;;BB 15 açması kazısı 2024;;;;;;;;;;
;Örnek alma: Kömürleşmiş odun kalıntıları (B3 ocağı);S2;;örnek alma;;;;;;;BB 15 açması kazısı 2024;;;;;;;;;;
;Örnek alma: Siyez tohum örnekleri (pithos içi);S2;;örnek alma;;;;;;;EE 18 açması kazısı 2024;;;;;;;;;;
c14-a701;A701 karbon 14 tarihi: MÖ 2580-2141 cal.;S4;;tarihleme analizi;;;;;;s. 268;;;;;;;;;radyokarbon;"Zeytin çekirdeği (A701 ocağının doğusu); Mercimek tohumları (A701 ocağının güneyi)";"İki örnek için tek bir tarih aralığı verilmiştir; laboratuvar ve ölçüm kodu belirtilmemiştir."
c14-bx;BX fırını karbon 14 tarihi: MS 1387-1476 cal.;S4;;tarihleme analizi;;;;;;s. 269;;;;;;;;;radyokarbon;Arpa (BX fırını);
c14-b3;B3 karbon 14 tarihi: MS 1147-1280 cal.;S4;;tarihleme analizi;;;;;;s. 270;;;;;;;;;radyokarbon;Kömürleşmiş odun kalıntıları (B3 ocağı);
c14-pithos;Pithos karbon 14 tarihi: MS 1299-1425 cal.;S4;;tarihleme analizi;;;;;;s. 271;;;;;;;;;radyokarbon;Siyez tohum örnekleri (pithos içi);
