own number;name;class;second class;type;location;stated: is interpreted as;shown or described in;part_of;number: birim kodu;measure: uzunluk;measure: genişlik;date of making;date of use;link: cuts;stated: formed at the same time as;link: destroys;measure: depth below datum;measure: mudbrick block length;measure: mudbrick block width;measure: wall length;measure: wall width;measure: floor length;measure: floor width;measure: adet;date of formation;link: lies in or on;link: overlies;found in;found by;stated: shows features of;stated: is of the species;material;stated: is in the condition;taken_from;taken_by;remark
site;Yumuktepe Höyüğü;E27;;mound settlement;Yumuktepe;MÖ V. binyıl sonunda terk, III. binyıl başında Erken Tunç Çağı'nda yeniden yerleşim;"Kuzeydoğu sektöründe yeni kazılarla alanın ilk defa araştırılması; Bilgi tabelaları, QR kodları ve web sayfası; I. Caneva onuruna çalıştay; Yumuktepe Höyüğü'nün havadan görünümü.; s. 265";;;;;;;;;;;;;;;;;;;;;;;;;;;;;
trench-aa15;AA 15 açması;E25;;trench;Güney Yamaç Açması (GYA) sektörü;;"2024 yılında kazısı gerçekleştirilen plankareleri ve önceki kazı alanlarını gösteren plan.; Kazı çalışması gerçekleştirilen AA15, BB15, DD15 ve EE18 (fotoğrafta sol üst köşede) açmaları.; s. 267; s. 272";Yumuktepe Höyüğü;AA15;5 m;5 m;;;;;;;;;;;;;;;;;;;;;;;;;
trench-bb15;BB 15 açması;E25;;trench;Güney Yamaç Açması (GYA) sektörü;;"2024 yılında kazısı gerçekleştirilen plankareleri ve önceki kazı alanlarını gösteren plan.; Kazı çalışması gerçekleştirilen AA15, BB15, DD15 ve EE18 (fotoğrafta sol üst köşede) açmaları.; BB15 açmasında tespit edilen yapı katları.; s. 269; s. 272";Yumuktepe Höyüğü;BB15;7 m;5 m;;;;;;;;;;;;;;;;;;;;;;;;;
trench-dd15;DD 15 açması;E25;;trench;Güney Yamaç Açması (GYA) sektörü;"M1 ve M2 arasında işlevsel ayrım; işlevler henüz belirlenemiyor";"2024 yılında kazısı gerçekleştirilen plankareleri ve önceki kazı alanlarını gösteren plan.; Kazı çalışması gerçekleştirilen AA15, BB15, DD15 ve EE18 (fotoğrafta sol üst köşede) açmaları.; s. 270; s. 272; DD15 açmasında ortaya çıkarılan yapı katları.";Yumuktepe Höyüğü;DD15;5 m;5 m;;;;;;;;;;;;;;;;;;;;;;;;;
trench-ee18;EE 18 açması;E25;;trench;Güney Yamaç Açması (GYA) sektörü;;"2024 yılında kazısı gerçekleştirilen plankareleri ve önceki kazı alanlarını gösteren plan.; Kazı çalışması gerçekleştirilen AA15, BB15, DD15 ve EE18 (fotoğrafta sol üst köşede) açmaları.; EE18 plankaresinde tespit edilen Orta Çağ 13.-14. yy. teras yapı katları.; s. 271; s. 272";Yumuktepe Höyüğü;EE18;5 m;5 m;MS 10.-13. yüzyıl;;;;;;;;;;;;;;;;;;;;;;;;
a701;A701 yapı katı;E25;A8;building level;;"Oval planlı yapı (olası); ETÇ II evresine ait bitkisel kaynakları depolama ve pişirme mekânı (büyük olasılıkla); Yumuktepe'de ETÇ II evresinin belgelenen ilk mimari yapı katı; XVI tabakayı keserek yamaca oturtulan teras yerleşmesi";"Z 15 plankaresinde kazı; AA15 açmasındaki A 701 yapı katı.; s. 267; s. 268; s. 272";AA 15 açması;A701;;;ETÇ II;-2580 to -2141 CE;XVI tabakası (probable);;;;;;;;;;;;;;;;;;;;;;Sarımsı açık kahverengi toprak, ocak, tandır ve taş temeller çok evreli bir kullanıma işaret eder.
a701-foundation;A701 üç sıralı taş duvar (temel);E25;A8;stone foundation;;;s. 267;A701 yapı katı;;;;;;;;;;;;;;;;;;;;;;;;;;;;Orta Çağ çöp çukurlarının kesitlerinde gözlemlenmiştir.
a701-floor;A701 tabanı (marn üzerine sıkıştırılmış toprak);E25;;taban;;;s. 267;A701 yapı katı;;;;;;;;;;;;;;;;;;;;;;;;;;;;Bazı alanlarda kerpiç bloklara rastlanmıştır.
a701-hearth;A701 at nalı biçimli ocak;E25;A8;ocak;;;s. 267;A701 yapı katı;;;;;;;A701 yuvarlak planlı tandır fırın;;;;;;;;;;;;;;;;;;;;;"Tek sıralı yuvarlak taşlardan bir platforma oturur; çatı desteği için iki hatıl izi."
a701-tandir;A701 yuvarlak planlı tandır fırın;E25;A8;tandır oven;;;s. 267;A701 yapı katı;;;;;;;;;;;;;;;;;;;;;;;;;;;;
medieval-pits-aa15;AA 15 Orta Çağ çöp çukurları;E25;A8;refuse pit;;;"s. 267; s. 272";AA 15 açması;;;;MS 11.-15. yüzyıl;;A701 üç sıralı taş duvar (temel);;;;;;;;;;;;;;;;;;;;;;
a700;A700;E25;A8;context;Güney Yamaç Açması (GYA) sektörü;;s. 270;;A700;;;;;;;;;;;;;;;;;;;;;;;;;;;"Yalnızca B1YA dolgusunun tahrip ettiği birimler arasında anılır; tanımı verilmemiştir."
bx-oven;BX fırını;E25;A8;fırın;;;"BB15 açmasında tespit edilen yapı katları.; s. 269";BB 15 açması;BX;;;;1387 to 1476 CE;;;;;;;;;;;;;;;;;;;;;;;"At nalı biçimli, taş temelli; önemli kısmı kuzey profilin içinde (AA 15-BB 15 arası)."
pit-b2c1;B2ç1 çukuru;E25;A8;çukur;;;s. 269;BB 15 açması;B2ç1;;;;;;;BX fırını;;;;;;;;;;;;;;;;;;;;
b2x-furnace;B2X ocağı;E25;A8;smelting furnace;;Demir eritme amaçlı ocak;"BB15 açmasında tespit edilen yapı katları.; s. 269";BB 15 açması;B2X;20.0 to 25.0 cm;10.0 to 12.0 cm;;;;;;about -25 cm;;;;;;;;;;;;;;;;;;;İç yüzeyi beyaz sıvalı. Ağır tahribat nedeniyle tarihlendirme henüz netleşmemiştir.
pit-over-b2x;B2X ocağını tahrip eden çukur;E25;A8;çukur;;;"s. 269; BB15 açmasında tespit edilen yapı katları.";BB 15 açması;;;;;;;;B2X ocağı;;;;;;;;;;;;;;;;;;;;"Yaklaşık 20x40 'çapında' (birim belirtilmemiş); bir kısmı batı profilin içinde."
medieval-path;Orta Çağ patikası;E25;A8;path;;Zirveye ulaşım için yapılmış iki evreli patika (muhtemelen);"s. 269; s. 270";BB 15 açması;;;;13. yüzyıl sonrası;;B2X ocağı;;;;;;;;;;;;;;;;;;;;;;En az iki evreli.
b3;B3 yapısı (kerpiç bloklardan);E25;A8;mudbrick structure;;;"BB15 açmasında tespit edilen yapı katları.; s. 270; s. 272";BB 15 açması;B3;;;MS 12.-13. yüzyıl;1147 to 1280 CE;;;;;about 30 cm;about 30 cm;;;;;;;;;;;;;;;;;G. Köroğlu'nun önceki Orta Çağ kazılarında zirvede ve yamaç teraslarında kerpiç kullanımına rastlanmamıştır.
b3-hearth;B3 ocağı;E25;;ocak;;;s. 270;B3 yapısı (kerpiç bloklardan);;50 cm;30 cm;;;;;;;;;;;;;;;;;;;;;;;;;
b1ya-wall;B1YA içindeki tek sıralı destek duvarı;E25;;retaining wall;;Höyüğün üst kısmına çıkan patikanın parçası (muhtemelen);s. 270;BB 15 açması;;;;;;;;;;;;;;;;;;;;;;;;;;;;
m1;Mekân 1 (M1);E25;;room;;;"DD15 açmasında ortaya çıkarılan yapı katları.; s. 270";DD 15 açması;M1;;;Orta Çağ;;;;;;;;215 cm;45 cm;;;;;;;;;;;;;;;"Üç blok taştan duvar; iç mekânda turuncu-kırmızı toprak, kül ve kuzeydoğuda çakıl zemin."
m2;Mekân 2 (M2);E25;;room;;;"DD15 açmasında ortaya çıkarılan yapı katları.; s. 270";DD 15 açması;M2;;;Orta Çağ;;;;;;;;82 cm;31 cm;270 cm;192 cm;;;;;;;;;;;;;İç mekânda kireç taban.
m1-m2-wall;M1 ve M2'yi bölen ortak duvar;E25;;duvar;;Alanın ikincil kullanımına işaret eden duvar;"DD15 açmasında ortaya çıkarılan yapı katları.; s. 270";DD 15 açması;;about 310 cm;;;;;;;;;;;;;;;;;;;;;;;;;;Bloklar dere taşlarından örülme bir temel üzerine oturur.
ee18-terrace-stones;EE 18 tek sıra dizilmiş taşlar (kuzeybatı);E25;;stone row;;Basit bir Orta Çağ teraslama işlemi (olası);s. 271;EE 18 açması;;;;;;;;;-190 cm;;;;;;;;;;;;;;;;;;;Güneybatı-kuzeydoğu doğrultusunda.
ee18-stone-group;EE 18 güney profili dağınık tek sıralı taş grubu;E25;;stone row;;;s. 271;EE 18 açması;;;;;;;;;-170 cm;;;;;;;;;;;;;;;;;;;
ee18-hazne;EE 18 kesme taştan hazne;E25;A8;stone-built basin;;;s. 271;EE 18 açması;;;;;;;;;;;;;;;;;;;;;;;;;;;;İşlevi henüz belirsizdir.
modern-terracing;Modern dönem teraslamaları;E25;A8;terracing;;;s. 271;EE 18 açması;;;;Modern dönem;;;;EE 18 kesme taştan hazne;;;;;;;;;;;;;;;;;;;;
d1;D1 (özensiz taşlarla çevrili kare birim);E25;;stone-lined unit;;;"EE18 plankaresinde tespit edilen Orta Çağ 13.-14. yy. teras yapı katları.; s. 271";EE 18 açması;D1;;;;;;;;;;;;;;;;;;;;;;;;;;;
summit-church;Zirvedeki kilise;E22;;church;Yumuktepe zirvesi;;"Zirvedeki yapıların restorasyon ve konservasyonu; s. 266";Yumuktepe Höyüğü;;;;MS 11.-13. yüzyıl;;;;;;;;;;;;;;;;;;;;;;;;
grave-chapel;Mezar şapeli;E22;;funerary chapel;Yumuktepe zirvesi;;"Zirvedeki yapıların restorasyon ve konservasyonu; s. 266";Yumuktepe Höyüğü;;;;MS 11.-13. yüzyıl;;;;;;;;;;;;;;;;;;;;;;;;
summit-houses;Zirve güneyindeki konutların yer aldığı yapı katları;E22;;houses;Yumuktepe zirvesi;;"Zirvedeki yapıların restorasyon ve konservasyonu; s. 266";Yumuktepe Höyüğü;;;;MS 11.-13. yüzyıl;;;;;;;;;;;;;;;;;;;;;;;;
eba-fortification;Erken Tunç Çağı savunma (sur) duvarı;E22;;fortification wall;;;"s. 268; s. 269";Yumuktepe Höyüğü;;;;Erken Tunç Çağı;;;;;;;;;;;;;;;;;;;;;;;;"Caneva (2025) kazılarında tespit edilmiştir; MÖ III. binyıl başı."
b6-terrace;B6 teras yerleşme katı;E25;;terrace settlement level;Kuzeybatı sektörü;;"s. 268; s. 272";Yumuktepe Höyüğü;B6;;;ETÇ I;;;;;;;;;;;;;;;;;;;;;;;;Güçlü bir yangın geçirmiş, içinde ocak bulunan teras yerleşmesi (Caneva 2025).
hittite-wall;Geç Tunç Hitit sur duvarı;E22;A8;fortification wall;Güney Yamaç Açması (GYA) sektörü;;s. 272;Yumuktepe Höyüğü;;;;Geç Tunç (Hitit);;;;;;;;;;;;;;;;;;;;;;;;
eba-graves;GYA sektöründeki Erken Tunç Çağı mezarları;E25;A8;mezar;Güney Yamaç Açması (GYA) sektörü;;"s. 268; s. 272";Yumuktepe Höyüğü;;;;Erken Tunç Çağı;;Geç Tunç Hitit sur duvarı;;;;;;;;;;;;;;;;;;;;;;
containers;Üç adet taşınabilir konteyner (depo, laboratuvar, ofis);E22;;portable container;Höyüğün kuzeybatısındaki eski AKUT binası (eski Truva Atı) yanı;;s. 266;;;;;;;;;;;;;;;;;3 adet;;;;;;;;;;;;
level-xvi;XVI tabakası;A2;;;;;"Z 15 plankaresinde kazı; s. 267; s. 268; s. 272";;XVI;;;;;;;;;;;;;;;;Kalkolitik;Yumuktepe Höyüğü;;;;;;;;;;"Caneva kazılarınca GYA sektöründe belgelenmiştir (Palumbi ve Caneva 2019); A701'den yaklaşık 3 m yüksekte ve 5 m kuzeyde."
level-xv;XV tabakası;A2;;;;;s. 267;;XV;;;;;;;;;;;;;;;;Kalkolitik;Yumuktepe Höyüğü;;;;;;;;;;
garstang-xiia;Garstang X trenci XII A tabakaları;A2;;;;;"s. 267; s. 268; s. 272";;XII A;;;;;;;;;;;;;;;;Erken Tunç Çağı;Yumuktepe Höyüğü;;;;;;;;;;Garstang bu malzemeyi in situ mimari kontekstten değil, çukur gibi alanlardan tespit etmiştir.
a701-soil;A701 sarımsı açık kahverengi toprak;A2;;;;;s. 268;;;;;;;;;;;;;;;;;;;A701 yapı katı;;;;;;;;;;
a701-marl-between;Ocak ile tandır arasındaki sarımsı-marn özellikli sıkıştırılmış toprak;A2;;;;;s. 267;;;;;;;;;;;;;;;;;;;A701 yapı katı;;;;;;;;;;
a701-ash-fill;A701 ocağının güneyindeki kül dolgu;A2;;;;;s. 267;;;;;;;;;;;;;;;;;;;A701 at nalı biçimli ocak;;;;;;;;;;
bx-hearth-level;BX fırını ocak seviyesi;A2;;;;;s. 269;;;;;;;;;;;;;;;;;;;BX fırını;;;;;;;;;;
b3-mortar;B3 kerpiç blokları üzerindeki sert 'harç' (küçük kireç taşı ve çömlek parçalı);A2;;;;Kerpiç blokların üzerine sıvanmış sert harç;s. 270;;;;;;;;;;;;;;;;;;;B3 yapısı (kerpiç bloklardan);B3 yapısı (kerpiç bloklardan);;;;;;;;;
b1ya;B1YA dolgusu;A2;;;;;s. 270;;B1YA;;;;;;;"A700; B2X ocağı; B3 yapısı (kerpiç bloklardan)";;;;;;;;;;BB 15 açması;;;;;;;;;;
pithos-fill;Pithosun içindeki toprak;A2;;;;;s. 271;;;;;;;;;;;;;;;;;;;EE 18 açması;;;;;;;;;;
ee18-compact;EE 18 kuzeybatı sarımsı/açık kahverengi sıkıştırılmış sert alan;A2;;;;;s. 271;;;;;;;;;;about -175.0 to -50.0 cm;;;;;;;;;EE 18 açması;;;;;;;;;;
pottery-a701;A701 el yapımı, kaba hamurlu, kırmızı astarlı çanak çömlek;E22;;pottery sherds;;;"Bademağacı (Duru 2008) ve Yumuktepe el yapımı siyah hamurlu çanak çömlek mal grubu.; s. 267; s. 268";;;;;;;;;;;;;;;;;;;;;A701 yapı katı;AA 15 açması kazısı 2024;"Göller Bölgesi ETÇ I–II mal grupları; Garstang X trenci XII A tabakası çanak çömleği";;;;;;"Resim 4 alt yazısı 'siyah hamurlu' der; metin 'kırmızı astarlı' der."
botanical-a701;A701 kül dolgusundan bitki kalıntıları;E20;;plant remains;;;s. 267;;;;;;;;;;;;;;;;;;;;;"A701 ocağının güneyindeki kül dolgu; A701 at nalı biçimli ocak";"AA 15 açması kazısı 2024; AA 15 açması kazısı 2024";;"Triticum sp.; Fabaceae; Pistacia terebinthus; Olea europaea";;;;;Buğday, baklagil, menengiç, zeytin ve tahıl kırıntıları.
botanical-bx;BX fırınından bitki kalıntıları;E20;;plant remains;;;s. 269;;;;;;;;;;;;;;;;;;;;;BX fırını;BB 15 açması kazısı 2024;;"Pisum sativum; Avena sp.; Triticum monococcum; Triticum durum/aestivum; Lolium sp.; Hordeum vulgare";;;;;
brittle-ware-bx;Beyrut üretimi Brittle Ware;E22;;pottery sherds;;;s. 269;;;;;MS 13. yüzyıl;;;;;;;;;;;;;;;;"BX fırını ocak seviyesi; BX fırını";"BB 15 açması kazısı 2024; BB 15 açması kazısı 2024";;;;;;;Metinde 'Britille Ware' olarak yazılmıştır.
port-st-simeon-bx;Port St. Simeon kökenli renkli sırlı ve kazıma bezemeli seramik;E22;;pottery sherds;;;s. 269;;;;;MS 13. yüzyıl;;;;;;;;;;;;;;;;"BX fırını ocak seviyesi; BX fırını";"BB 15 açması kazısı 2024; BB 15 açması kazısı 2024";;;;;;;
slag-b2x;B2X ocağı demir cürufları;E22;;slag;;;s. 269;;;;;;;;;;;;;;;;;;;;;B2X ocağı;BB 15 açması kazısı 2024;;;demir;;;;
bones-pit-b2x;Çukurdaki tilki, keçi/koyun ve kuş kemikleri;E20;;hayvan kemiği;;Düzenli bir şekilde gömülmüş hayvanlar;s. 269;;;;;;;;;;;;;;;;;;;;;B2X ocağını tahrip eden çukur;BB 15 açması kazısı 2024;;"tilki; keçi/koyun; kuş";;;;;
bones-b3-hearth;B3 ocağındaki hayvan kemikleri;E20;;hayvan kemiği;;;s. 270;;;;;;;;;;;;;;;;;;;;;B3 ocağı;BB 15 açması kazısı 2024;;;;;;;
syrian-glazed-b3;Suriye menşeli mavi sırlı ithal seramik parçaları;E22;;pottery sherds;;;s. 270;;;;;MS 12.-13. yüzyıl;;;;;;;;;;;;;;;;"B3 kerpiç blokları üzerindeki sert 'harç' (küçük kireç taşı ve çömlek parçalı); B3 yapısı (kerpiç bloklardan)";"BB 15 açması kazısı 2024; BB 15 açması kazısı 2024";;;;;;;Harcın ve ocağın içinden.
path-finds;Patika boyunca Orta Çağ çömlek parçaları, küçük taşlar ve cam bilezikler;E22;;mixed finds;;;s. 270;;;;;Orta Çağ;;;;;;;;;;;;;;;;Orta Çağ patikası;BB 15 açması kazısı 2024;;;;;;;
loom-weight-m1;Tezgâh ağırlığı;E22;;loom weight;;;s. 270;;;;;Roma Dönemi;;;;;;;;;;;;;;;;Mekân 1 (M1);DD 15 açması kazısı 2024;;;;;;;
arrowhead-m1;Tunç ok ucu;E22;;arrowhead;;;s. 270;;;;;Helenistik Dönem;;;;;;;;;;;;;;;;Mekân 1 (M1);DD 15 açması kazısı 2024;;;bronz;;;;
pottery-m1;M1 çanak çömleği;E22;;pottery sherds;;;s. 270;;;;;;;;;;;;;;;;;;;;;Mekân 1 (M1);DD 15 açması kazısı 2024;;;;;;;Yumuktepe'nin Orta Çağ ve Demir Çağı bağlamlarında daha önce belgelenmemiş örnekler içerir.
pithos-ee18;In situ pithos;E22;;pithos;;"Siyez tanelerinin depolanması için kullanılmış; kaplıca buğday tarımı bu dönemde terk edilmemiştir";s. 271;;;;;Bizans Dönemi;1299 to 1425 CE;;;;-157 cm;;;;;;;1 adet;;;;EE 18 açması;EE 18 açması kazısı 2024;;;;in situ;;;Açmanın kuzeydoğusunda.
einkorn-pithos;Pithos içindeki siyez taneleri;E20;;plant remains;;;s. 271;;;;;;;;;;;;;;;;;;;;;"Pithosun içindeki toprak; EE 18 açması";"EE 18 açması kazısı 2024; EE 18 açması kazısı 2024";;Triticum monococcum;;;;;
port-st-simeon-pithos;Pithos içi ve çevresinden Port St. Simeon mal grubu çanak parçaları;E22;;pottery sherds;;;s. 271;;;;;MS 12.-13. yüzyıl;;;;;;;;;;;;;;;;EE 18 açması;EE 18 açması kazısı 2024;;;;;;;
roof-tiles-ee18;Kiremit parçaları;E22;;roof tile;;;s. 271;;;;;MS 10.-13. yüzyıl;;;;;;;;;;;;;;;;EE 18 açması;EE 18 açması kazısı 2024;;;;;;;10.-13. yy. ait olduğu düşünülen.
mixed-sherds-ee18;Neolitik'ten Orta Çağ'a değişik dönemlere ait kap parçaları;E22;;pottery sherds;;;s. 271;;;;;"Neolitik Çağ; Orta Çağ";;;;;;;;;;;;;;;;"EE 18 kuzeybatı sarımsı/açık kahverengi sıkıştırılmış sert alan; EE 18 açması";"EE 18 açması kazısı 2024; EE 18 açması kazısı 2024";;;;;;;
dfbw-ee18;DFBW çömlek parçası;E22;;pottery sherds;;;s. 271;;;;;;;;;;-175 cm;;;;;;;1 adet;;;;"EE 18 kuzeybatı sarımsı/açık kahverengi sıkıştırılmış sert alan; EE 18 açması";"EE 18 açması kazısı 2024; EE 18 açması kazısı 2024";;;;;;;
marble-ee18;Mermer parçası;E22;;stone fragment;;;s. 271;;;;;;;;;;-175 cm;;;;;;;1 adet;;;;"EE 18 kuzeybatı sarımsı/açık kahverengi sıkıştırılmış sert alan; EE 18 açması";"EE 18 açması kazısı 2024; EE 18 açması kazısı 2024";;;mermer;;;;
bricks-ee18;Tuğla parçaları;E22;;brick;;;s. 271;;;;;MS 12.-13. yüzyıl;;;;;;;;;;;;;;;;EE 18 tek sıra dizilmiş taşlar (kuzeybatı);EE 18 açması kazısı 2024;;;;;;;
port-st-simeon-south;Güney profilinden Port St. Simeon renkli sır akıtmalı ve kazıma çanaklar ile Ege'den ithal kazıma çanak parçaları;E22;;pottery sherds;;;s. 271;;;;;MS 12.-13. yüzyıl;;;;;;;;;;;;;;;;EE 18 güney profili dağınık tek sıralı taş grubu;EE 18 açması kazısı 2024;;;;;;;
glass-bottle-ee18;Modern cam şişe parçası;E22;;glass fragment;;;s. 271;;;;;Modern dönem;;;;;-211 cm;;;;;;;1 adet;;;;EE 18 kesme taştan hazne;EE 18 açması kazısı 2024;;;cam;;;;
cattle-bones-d1;D1 birimindeki büyükbaş hayvan kemikleri;E20;;hayvan kemiği;;;"s. 271; EE18 plankaresinde tespit edilen Orta Çağ 13.-14. yy. teras yapı katları.";;;;;;;;;;;;;;;;;;;;;D1 (özensiz taşlarla çevrili kare birim);EE 18 açması kazısı 2024;;büyükbaş hayvan;;;;;
gya-medieval-finds;GYA Orta Çağ buluntuları: seramik, metal objeler, cam bilezikler, sikkeler;E22;;mixed finds;;;s. 272;;;;;MS 11.-15. yüzyıl;;;;;;;;;;;;;;;;Yumuktepe Höyüğü;"Yumuktepe ""Geleceğe Miras Projesi"" 2024 kazı sezonu";;;;;;;"Sonuç bölümündeki genel sayım; açma belirtilmemiştir."
;Göller Bölgesi ETÇ I–II mal grupları;E22;;buluntu topluluğu;;;;;;;;;;;;;;;;;;;;;;;;;;;;;;;;
;Garstang X trenci XII A tabakası çanak çömleği;E22;;buluntu topluluğu;;;;;;;;;;;;;;;;;;;;;;;;;;;;;;;;
s-olive-a701;Zeytin çekirdeği (A701 ocağının doğusu);S13;;olive stone;;;s. 268;;;;;;;;;;;;;;;;;;;;;;;;Olea europaea;;;A701 at nalı biçimli ocak;Örnek alma: Zeytin çekirdeği (A701 ocağının doğusu);
s-lentil-a701;Mercimek tohumları (A701 ocağının güneyi);S13;;seed;;;s. 268;;;;;;;;;;;;;;;;;;;;;;;;Lens culinaris;;;A701 at nalı biçimli ocak;Örnek alma: Mercimek tohumları (A701 ocağının güneyi);
s-barley-bx;Arpa (BX fırını);S13;;seed;;;s. 269;;;;;;;;;;;;;;;;;;;;;;;;Hordeum vulgare;;;BX fırını;Örnek alma: Arpa (BX fırını);
s-charcoal-b3;Kömürleşmiş odun kalıntıları (B3 ocağı);S13;;charred wood;;;s. 270;;;;;;;;;;;;;;;;;;;;;;;;;;;B3 ocağı;Örnek alma: Kömürleşmiş odun kalıntıları (B3 ocağı);
s-einkorn-pithos;Siyez tohum örnekleri (pithos içi);S13;;seed;;;s. 271;;;;;;;;;;;;;;;;;;;;;;;;Triticum monococcum;;;In situ pithos;Örnek alma: Siyez tohum örnekleri (pithos içi);
