id,label_en,label_tr,applies_to,value_type,unit,code_list,description
soil_colour,soil colour,toprak rengi,A8,text,,,Colour as written or as a Munsell code
soil_texture,soil texture,toprak dokusu,A8,text,,,
compaction,compaction,sıkılık,A8,text,,,
inclusions,inclusions,katkılar,A8,text,,,
sieve_mesh,sieve mesh size,elek göz açıklığı,E7,decimal,unit/mm,,
sieved_share,share of soil sieved,elenen toprak oranı,E7,decimal,unit/percent,,
visibility,ground visibility,yüzey görünürlüğü,E53,decimal,unit/percent,,Share of the ground that could be seen during survey
land_use,land use,arazi kullanımı,E53,text,,,
walker_spacing,spacing between walkers,yürüyüş aralığı,E7,decimal,unit/m,,
preservation,state of preservation,korunma durumu,E18,code,,condition,
decoration,decoration,bezeme,E22,text,,,
ware,ware,mal grubu,E22,text,,,
form,vessel form,kap formu,E22,text,,,
vessel_part,part of the vessel,kap bölümü,E22,text,,,
cortex,cortex present,korteks var,E22,yesno,,,
retouch,retouched,düzeltili,E22,yesno,,,
skeletal_element,skeletal element,iskelet elemanı,E20,code,,skeletal_element,
side,body side,taraf,E20,text,,,
age_class,age class,yaş grubu,E20,text,,,
sex,sex,cinsiyet,E20,text,,,
inscribed,carries an inscription,yazıtlı,E22,yesno,,,
mint,mint,darphane,E22,text,,,
ruler,issuing ruler,darp ettiren,E22,text,,,
museum_grade,of museum grade,envanterlik,E18,yesno,,,
planned_for,planned for the year,planlanan yıl,E29,integer,,,
