list,code,label_en,label_tr,parent,uri
identifier_type,source_system,identifier in the source system,kaynak sistemdeki numara,,
identifier_type,locator,page or figure,sayfa veya resim,,
identifier_type,url,web address,web adresi,,
identifier_type,file_name,file name,dosya adı,,
identifier_type,lab_code,laboratory code,laboratuvar kodu,,
identifier_type,citation,citation,künye,,
identifier_type,orcid,ORCID,ORCID,,
identifier_type,inventory_number,inventory number,envanter numarası,,
identifier_type,excavation_number,excavation inventory number,kazı envanter numarası,,
identifier_type,project_number,project number,proje numarası,,
identifier_type,figure_number,figure number,resim numarası,,
identifier_type,permit_number,permit number,izin numarası,,
identifier_type,find_number,find number,buluntu numarası,,
identifier_type,context_code,context code,birim kodu,,
identifier_type,isbn,ISBN,ISBN,,
identifier_type,doi,DOI,DOI,,
place_type,site,site,yerleşim / ören yeri,,
place_type,mound,mound,höyük,site,
place_type,cave,cave,mağara,site,
place_type,city,ancient city,antik kent,site,
place_type,necropolis,necropolis,nekropol,site,
place_type,area,excavation area,kazı alanı,,
place_type,trench,trench,açma,,
place_type,square,grid square,plankare,,
place_type,sounding,sounding,sondaj,,
place_type,room,room or space,mekân,,
place_type,survey_unit,survey unit,yüzey araştırması birimi,,
place_type,transect,transect,hat,,
place_type,province,province,il,,
place_type,district,district,ilçe,,
place_type,village,village,köy / mahalle,,
place_type,museum,museum,müze,,
place_type,region,region,bölge,,
activity_type,excavation,excavation project,kazı,,
activity_type,season,excavation season,kazı sezonu,,
activity_type,excavation_unit,excavation of a unit,birim kazısı,,
activity_type,survey,survey,yüzey araştırması,,
activity_type,surface_collection,surface collection,yüzey toplaması,,
activity_type,sounding,sounding,sondaj,,
activity_type,cleaning,cleaning,temizlik,,
activity_type,sampling,sampling,örnek alma,,
activity_type,sieving,sieving,eleme,,
activity_type,flotation,flotation,yüzdürme,,
activity_type,analysis,analysis,analiz,,
activity_type,dating,dating analysis,tarihleme analizi,analysis,
activity_type,restoration,restoration,restorasyon,,
activity_type,conservation,conservation,konservasyon,,
activity_type,documentation,documentation,belgeleme,,
activity_type,geophysics,geophysical survey,jeofizik,,
activity_type,drilling,core drilling,karot sondajı,,
activity_type,looting,looting,kaçak kazı,,
activity_type,earlier_work,earlier work,önceki çalışma,,
activity_type,landscaping,site arrangement,çevre düzenleme,,
activity_type,planned,planned work,planlanan çalışma,,
thing_type,assemblage,assemblage,buluntu topluluğu,,
thing_type,box,box,kasa,,
thing_type,bag,bag,torba,,
thing_type,pottery,pottery,çanak çömlek,,
thing_type,lithic,chipped stone,yontmataş,,
thing_type,ground_stone,ground stone,sürtmetaş,,
thing_type,bone,bone,kemik,,
thing_type,animal_bone,animal bone,hayvan kemiği,bone,
thing_type,human_bone,human bone,insan kemiği,bone,
thing_type,plant_remain,plant remain,bitki kalıntısı,,
thing_type,charcoal,charcoal,kömür,,
thing_type,shell,shell,kabuk,,
thing_type,coin,coin,sikke,,
thing_type,figurine,figurine,figürin,,
thing_type,glass_object,glass object,cam buluntu,,
thing_type,metal_object,metal object,metal buluntu,,
thing_type,bead,bead,boncuk,,
thing_type,lamp,lamp,kandil,,
thing_type,inscription,inscription,yazıt,,
thing_type,sculpture,sculpture,heykel,,
thing_type,architectural_element,architectural element,mimari eleman,,
thing_type,tool,tool,alet,,
thing_type,sample,sample,örnek,,
thing_type,building,building,yapı,,
thing_type,wall,wall,duvar,,
thing_type,floor,floor,taban,,
thing_type,hearth,hearth,ocak,,
thing_type,oven,oven,fırın,,
thing_type,pit,pit,çukur,,
thing_type,grave,grave,mezar,,
thing_type,street,street,cadde / sokak,,
thing_type,layer,layer,tabaka,,
thing_type,fill,fill,dolgu,,
thing_type,surface,surface,yüzey,,
thing_type,spoil,spoil heap,atık toprak,,
material,ceramic,ceramic,seramik / pişmiş toprak,,
material,stone,stone,taş,,
material,flint,flint,çakmaktaşı,stone,
material,obsidian,obsidian,obsidiyen,stone,
material,marble,marble,mermer,stone,
material,limestone,limestone,kireçtaşı,stone,
material,basalt,basalt,bazalt,stone,
material,bone,bone,kemik,,
material,metal,metal,metal,,
material,bronze,bronze,bronz,metal,
material,iron,iron,demir,metal,
material,silver,silver,gümüş,metal,
material,gold,gold,altın,metal,
material,lead,lead,kurşun,metal,
material,glass,glass,cam,,
material,clay,clay,kil,,
material,mudbrick,mudbrick,kerpiç,,
material,wood,wood,ahşap,,
material,charcoal,charcoal,kömür,,
material,shell,shell,kabuk,,
material,plaster,plaster,sıva,,
material,soil,soil,toprak,,
unit,piece,piece,adet,,
unit,mm,millimetre,mm,,
unit,cm,centimetre,cm,,
unit,m,metre,m,,
unit,m2,square metre,m²,,
unit,m3,cubic metre,m³,,
unit,g,gram,g,,
unit,kg,kilogram,kg,,
unit,tonne,tonne,ton,,
unit,litre,litre,litre,,
unit,bucket,bucket,kova,,
unit,percent,percent,yüzde,,
unit,year,year,yıl,,
dimension_kind,count,count,adet,,
dimension_kind,count_printed,total as printed,basılı toplam,,
dimension_kind,length,length,uzunluk,,
dimension_kind,width,width,genişlik,,
dimension_kind,height,height,yükseklik,,
dimension_kind,depth,depth,derinlik,,
dimension_kind,diameter,diameter,çap,,
dimension_kind,thickness,thickness,kalınlık,,
dimension_kind,weight,weight,ağırlık,,
dimension_kind,area,area,alan,,
dimension_kind,volume,volume,hacim,,
dimension_kind,removed_volume,volume removed,kazılan hacim,,
dimension_kind,removed_mass,mass removed,kazılan kütle,,
dimension_kind,elevation,elevation,kot,,
dimension_kind,scale,scale,ölçek,,
dimension_kind,mni,minimum number of individuals,en az birey sayısı,,
dimension_kind,nisp,number of identified specimens,tanımlanan parça sayısı,,
dimension_kind,duration,duration,süre,,
role,director,director,kazı başkanı,,
role,deputy_director,deputy director,başkan yardımcısı,,
role,team_member,team member,ekip üyesi,,
role,specialist,specialist,uzman,,
role,ministry_representative,ministry representative,bakanlık temsilcisi,,
role,student,student,öğrenci,,
role,author,author,yazar,,
role,editor,editor,editör,,
role,publisher,publisher,yayıncı,,
role,funder,funder,destekleyen kurum,,
role,institution,responsible institution,sorumlu kurum,,
role,laboratory,laboratory,laboratuvar,,
role,rights_holder,rights holder,hak sahibi,,
certainty,approximate,approximate,yaklaşık,,
language,tr,Turkish,Türkçe,,
language,en,English,İngilizce,,
language,de,German,Almanca,,
language,fr,French,Fransızca,,
language,it,Italian,İtalyanca,,
licence,cc0,CC0,CC0,,https://creativecommons.org/publicdomain/zero/1.0/
licence,cc-by,CC BY 4.0,CC BY 4.0,,https://creativecommons.org/licenses/by/4.0/
licence,cc-by-sa,CC BY-SA 4.0,CC BY-SA 4.0,,https://creativecommons.org/licenses/by-sa/4.0/
licence,cc-by-nc,CC BY-NC 4.0,CC BY-NC 4.0,,https://creativecommons.org/licenses/by-nc/4.0/
licence,all_rights_reserved,all rights reserved,tüm hakları saklıdır,,
time_scale,CE,calendar years,takvim yılı,,
time_scale,BP,years before present,günümüzden önce,,
time_scale,calBP,calibrated years before present,kalibre günümüzden önce,,
geometry_kind,point,point,nokta,,
geometry_kind,line,line,çizgi,,
geometry_kind,polygon,polygon,alan,,
geometry_kind,other,other,diğer,,
crs,EPSG:4326,WGS 84,WGS 84,,https://epsg.io/4326
crs,EPSG:32635,WGS 84 / UTM zone 35N,UTM 35K,,https://epsg.io/32635
crs,EPSG:32636,WGS 84 / UTM zone 36N,UTM 36K,,https://epsg.io/32636
crs,EPSG:32637,WGS 84 / UTM zone 37N,UTM 37K,,https://epsg.io/32637
crs,EPSG:32638,WGS 84 / UTM zone 38N,UTM 38K,,https://epsg.io/32638
crs,EPSG:23035,ED50 / UTM zone 35N,ED50 UTM 35K,,https://epsg.io/23035
crs,EPSG:23036,ED50 / UTM zone 36N,ED50 UTM 36K,,https://epsg.io/23036
crs,EPSG:23037,ED50 / UTM zone 37N,ED50 UTM 37K,,https://epsg.io/23037
crs,EPSG:5254,TUREF / TM30,TUREF TM30,,https://epsg.io/5254
crs,EPSG:5255,TUREF / TM33,TUREF TM33,,https://epsg.io/5255
crs,EPSG:5256,TUREF / TM36,TUREF TM36,,https://epsg.io/5256
crs,local_grid,local site grid,yerel karelaj,,
source_type,excavation_report,excavation report,kazı raporu,,
source_type,proceedings,proceedings volume,bildiri kitabı,,
source_type,article,article,makale,,
source_type,book,book,kitap,,
source_type,chapter,chapter,kitap bölümü,,
source_type,thesis,thesis,tez,,
source_type,notebook,field notebook,kazı defteri,,
source_type,archive_document,archive document,arşiv belgesi,,
source_type,database,database,veri tabanı,,
source_type,website,website,web sitesi,,
source_type,personal_communication,personal communication,kişisel görüşme,,
media_type,photograph,photograph,fotoğraf,,
media_type,drawing,drawing,çizim,,
media_type,plan,plan,plan,,
media_type,section,section drawing,kesit,,
media_type,map,map,harita,,
media_type,table,table,tablo,,
media_type,model_3d,3D model,3B model,,
media_type,orthophoto,orthophoto,ortofoto,,
media_type,video,video,video,,
media_type,file,file,dosya,,
formation,natural,natural deposition,doğal birikim,,
formation,cultural,cultural deposition,kültürel birikim,,
formation,fill,deliberate fill,bilinçli dolgu,,
formation,collapse,collapse,yıkıntı,,
formation,burning,burning,yangın,,
formation,erosion,erosion,erozyon,,
formation,disturbance,disturbance,tahribat,,
formation,construction,construction,inşa,,
collection_method,hand,by hand,elle,,
collection_method,dry_sieve,dry sieving,kuru eleme,,
collection_method,wet_sieve,wet sieving,ıslak eleme,,
collection_method,flotation,flotation,yüzdürme,,
collection_method,surface,surface collection,yüzey toplaması,,
collection_method,spoil,from the spoil heap,atık topraktan,,
analysis_method,radiocarbon,radiocarbon dating,radyokarbon,,
analysis_method,dendrochronology,dendrochronology,dendrokronoloji,,
analysis_method,luminescence,luminescence dating,lüminesans,,
analysis_method,archaeobotany,archaeobotanical analysis,arkeobotanik analiz,,
analysis_method,zooarchaeology,zooarchaeological analysis,zooarkeolojik analiz,,
analysis_method,anthropology,anthropological analysis,antropolojik analiz,,
analysis_method,petrography,petrography,petrografi,,
analysis_method,xrf,X-ray fluorescence,XRF,,
analysis_method,isotope,isotope analysis,izotop analizi,,
analysis_method,dna,DNA analysis,DNA analizi,,
analysis_method,use_wear,use-wear analysis,kullanım izi analizi,,
analysis_method,typology,typological study,tipolojik çalışma,,
analysis_method,geoarchaeology,geoarchaeological analysis,jeoarkeolojik analiz,,
reasoning_method,stratigraphic_position,stratigraphic position,stratigrafik konum,,
reasoning_method,typological_comparison,typological comparison,tipolojik karşılaştırma,,
reasoning_method,laboratory_measurement,laboratory measurement,laboratuvar ölçümü,,
reasoning_method,calibration,calibration,kalibrasyon,,
reasoning_method,associated_finds,associated finds,birlikte bulunan buluntular,,
reasoning_method,coin_evidence,coin evidence,sikke verisi,,
reasoning_method,inscription,inscription,yazıt,,
reasoning_method,written_source,written source,yazılı kaynak,,
reasoning_method,building_technique,building technique,yapım tekniği,,
reasoning_method,style,style,üslup,,
reasoning_method,expert_judgement,expert judgement,uzman görüşü,,
event_kind,making,making,yapım,,
event_kind,use,use,kullanım,,
event_kind,deposition,deposition,gömülme,,
event_kind,death,death,ölüm,,
event_kind,formation,formation,oluşum,,
event_kind,existence,existence,varlık,,
condition,complete,complete,tam,,
condition,fragment,fragment,parça,,
condition,burnt,burnt,yanmış,,
condition,worn,worn,aşınmış,,
condition,restored,restored,onarılmış,,
