table_name,column_name,seq,cond,meaning,path,code_list,ref_class
dataset,*,1,,The dataset as a whole,E73_Information_Object,,
dataset,title,1,,Title of the dataset,rdfs:label / @value,,
dataset,fieldwork,1,,Name of the excavation or survey,dcterms:subject / @value,,
dataset,season,1,,Season or years covered,dcterms:temporal / @value,,
dataset,identifier,1,,Persistent identifier of the dataset,dcterms:identifier / @value,,
dataset,language,1,,Language of the dataset,dcterms:language / @code,language,
dataset,rights_holder,1,,Who holds the rights,dcterms:rightsHolder / @value,,
dataset,licence,1,,Licence for reuse,dcterms:license / @code,licence,
dataset,access,1,,Open / under embargo / closed,dcterms:accessRights / @value,,
dataset,embargo_until,1,,Date the embargo ends,dcterms:available / @value,,
dataset,version,1,,Version of the dataset,owl:versionInfo / @value,,
dataset,checksum,1,,Checksum of the exported file,fw:checksum / @value,,
dataset,method,1,,How the data was recorded,fw:method / @value,,
dataset,abbreviations,1,,Abbreviations used,fw:abbreviations / @value,,
dataset,known_gaps,1,,What is known to be missing,fw:knownGaps / @value,,
dataset,remark,1,,Free remark,P3_has_note / @value,,
dataset_actor,*,1,,No node of its own,@none,,
dataset_actor,dataset,1,,The dataset,-,,
dataset_actor,actor,1,,Person or group behind the dataset,@from(dataset) / dcterms:contributor / @ref,,
dataset_actor,role,1,,Role towards the dataset,-,role,
dataset_actor,position,1,,Order of the names,-,,
entity,*,1,,The entity itself,@entity,,
entity,dataset,1,,Dataset the entity belongs to,dcterms:isPartOf / @ref,,
entity,table_name,1,,Table that holds the entity,-,,
entity,class,1,,Class of the entity,-,,
entity,class2,1,,Second class of the entity,-,,
entity,source_id,1,,Identifier in the excavator's own system,P1_is_identified_by / E42_Identifier{sourceid} / P190_has_symbolic_content / @value,,
entity,source_id,2,,The identifier is of the source system,P1_is_identified_by / E42_Identifier{sourceid} / P2_has_type / #identifier_type/source_system,,
entity,label,1,,Name,rdfs:label / @value,,
entity,remark,1,,Free remark,P3_has_note / @value,,
identifier,*,1,,The identifier,E42_Identifier,,
identifier,entity,1,,What it identifies,P1i_identifies / @ref,,
identifier,type,1,,Kind of identifier,P2_has_type / @code,identifier_type,
identifier,value,1,,The number or code,P190_has_symbolic_content / @value,,
actor,*,1,,The actor,@entity,,
actor,member_of,1,,Institution or team the actor belongs to,P107i_is_current_or_former_member_of / @ref,,E74
place,*,1,,The place,@entity,,
place,type,1,,Kind of place,P2_has_type / @code,place_type,
place,part_of,1,,Larger place that contains it,P89_falls_within / @ref,,E53
period,*,1,,The period definition,@entity,,
period,language,1,,Language of the name,-,language,
period,start_earliest,1,,Earliest start,P4_has_time-span / SP10_DeclarativeTime-Span{span} / P82a_begin_of_the_begin / @value,,
period,start_latest,1,,Latest start,P4_has_time-span / SP10_DeclarativeTime-Span{span} / P81a_end_of_the_begin / @value,,
period,end_earliest,1,,Earliest end,P4_has_time-span / SP10_DeclarativeTime-Span{span} / P81b_begin_of_the_end / @value,,
period,end_latest,1,,Latest end,P4_has_time-span / SP10_DeclarativeTime-Span{span} / P82b_end_of_the_end / @value,,
period,scale,1,,Scale of the years,P4_has_time-span / SP10_DeclarativeTime-Span{span} / Q15_time_is_expressed_in_terms_of / @enum(time_scale),,
period,approx,1,approx=1,The years are approximate,P4_has_time-span / SP10_DeclarativeTime-Span{span} / P2_has_type / #certainty/approximate,,
period,covers,1,,Place the definition is valid for,P7_took_place_at / @ref,,E53
period,defined_by,1,,Source that defines the period,P67i_is_referred_to_by / @ref,,
period,part_of,1,,Longer period it is part of,P9i_forms_part_of / @ref,,
period,periodo_id,1,periodo_match=same,Same definition in PeriodO,skos:exactMatch / @uri,,
period,periodo_id,2,periodo_match=close,Close definition in PeriodO,skos:closeMatch / @uri,,
period,periodo_id,3,periodo_match=wider,Wider definition in PeriodO,skos:broadMatch / @uri,,
period,periodo_id,4,periodo_match=narrower,Narrower definition in PeriodO,skos:narrowMatch / @uri,,
period,periodo_match,1,,Kind of match with PeriodO,-,,
activity,*,1,,The activity,@entity,,
activity,type,1,,Kind of work,P2_has_type / @code,activity_type,
activity,place,1,,Where it took place,P7_took_place_at / @ref,,E53
activity,begin,1,,Year it began,P4_has_time-span / SP10_DeclarativeTime-Span{span} / P82a_begin_of_the_begin / @value,,
activity,end,1,,Year it ended,P4_has_time-span / SP10_DeclarativeTime-Span{span} / P82b_end_of_the_end / @value,,
activity,scale,1,,Scale of the years,P4_has_time-span / SP10_DeclarativeTime-Span{span} / Q15_time_is_expressed_in_terms_of / @enum(time_scale),,
activity,approx,1,approx=1,The years are approximate,P4_has_time-span / SP10_DeclarativeTime-Span{span} / P2_has_type / #certainty/approximate,,
activity,part_of,1,,Larger work it belongs to,P9i_forms_part_of / @ref,,
participation,*,1,,The participation,PC14_carried_out_by,,
participation,activity,1,,The work,P01_has_domain / @ref,,
participation,actor,1,,Who took part,P02_has_range / @ref,,
participation,actor,2,,Who took part,@from(activity) / P14_carried_out_by / @ref,,
participation,role,1,,In which role,P14.1_in_the_role_of / @code,role,
thing,*,1,,The thing,@entity,,
thing,type,1,,Kind of thing,P2_has_type / @code,thing_type,
thing,material,1,class<=E18,Material,P45_consists_of / @code,material,
thing,part_of,1,class<=E18,Larger thing or assemblage it belongs to,P46i_forms_part_of / @ref,,E18
thing,part_of,2,!class<=E18,Larger amount it was part of,O25i_is_contained_in / @ref,,
thing,kept_in,1,class<=E19,Box or container it is kept in,P55_has_current_location / E53_Place{inside@kept_in} / P156i_is_occupied_by / @ref,,E18
thing,location,1,class<=E18,Place where it lies or lay,P53_has_former_or_current_location / @ref,,E53
dimension,*,1,,The count or measurement,E54_Dimension,,
dimension,entity,1,class(entity)<=E70 & kind!=dimension_kind/removed_volume|dimension_kind/removed_mass,What was counted or measured,P43i_is_dimension_of / @ref,,
dimension,entity,2,!class(entity)<=E70 & kind!=dimension_kind/removed_volume|dimension_kind/removed_mass,What was counted or measured,O12i_is_dimension_of / @ref,,S15
dimension,entity,3,kind=dimension_kind/removed_volume|dimension_kind/removed_mass,Work that removed this amount,P43i_is_dimension_of / S11_Amount_of_Matter{removed@entity} / O2i_was_removed_by / @ref,,
dimension,kind,1,,What was counted or measured,P2_has_type / @code,dimension_kind,
dimension,value,1,,Single value,P90_has_value / @value,,
dimension,value_min,1,,Lower end of a range,P90a_has_lower_value_limit / @value,,
dimension,value_max,1,,Upper end of a range,P90b_has_upper_value_limit / @value,,
dimension,unit,1,,Unit,P91_has_unit / @code,unit,
dimension,approx,1,approx=1,The value is approximate,P2_has_type / #certainty/approximate,,
dimension,measured_by,1,,Work that measured it,P40i_was_observed_in / @ref,,E16
dimension,remark,1,,Free remark,P3_has_note / @value,,
source,*,1,,The source,@entity,,
source,type,1,,Kind of source,P2_has_type / @code,source_type,
source,citation,1,,Citation as printed,P1_is_identified_by / E41_Appellation{citation} / P190_has_symbolic_content / @value,,
source,citation,2,,The name is a citation,P1_is_identified_by / E41_Appellation{citation} / P2_has_type / #identifier_type/citation,,
source,year,1,,Year of publication,P94i_was_created_by / E65_Creation{creation} / P4_has_time-span / SP10_DeclarativeTime-Span{published} / P82a_begin_of_the_begin / @value,,
source,year,2,,Year of publication,P94i_was_created_by / E65_Creation{creation} / P4_has_time-span / SP10_DeclarativeTime-Span{published} / P82b_end_of_the_end / @value,,
source,language,1,,Language it is written in,+E33_Linguistic_Object / P72_has_language / @code,language,
source,part_of,1,,Volume or work it is part of,P106i_forms_part_of / @ref,,
source,url,1,,Web address,P1_is_identified_by / E42_Identifier{url} / P190_has_symbolic_content / @value,,
source,url,2,,The identifier is a web address,P1_is_identified_by / E42_Identifier{url} / P2_has_type / #identifier_type/url,,
passage,*,1,,The passage,@entity,,
passage,source,1,,Source the passage is in,P106i_forms_part_of / @ref,,
passage,locator,1,,Page / figure or table as printed,P1_is_identified_by / E42_Identifier{locator} / P190_has_symbolic_content / @value,,
passage,locator,2,,The identifier is a locator,P1_is_identified_by / E42_Identifier{locator} / P2_has_type / #identifier_type/locator,,
media,*,1,,The drawing / photograph or file,@entity,,
media,type,1,,Kind of media,P2_has_type / @code,media_type,
media,file_name,1,,Name of the file,P1_is_identified_by / E42_Identifier{file} / P190_has_symbolic_content / @value,,
media,file_name,2,,The identifier is a file name,P1_is_identified_by / E42_Identifier{file} / P2_has_type / #identifier_type/file_name,,
media,scale,1,,Scale as written,P43_has_dimension / E54_Dimension{scale} / P3_has_note / @value,,
media,scale,2,,The dimension is a scale,P43_has_dimension / E54_Dimension{scale} / P2_has_type / #dimension_kind/scale,,
media,made_by,1,,Work that produced it,P94i_was_created_by / E65_Creation{creation} / P9i_forms_part_of / @ref,,
media,shown_in,1,,Passage where it is printed,P165i_is_incorporated_in / @ref,,
about,*,1,,No node of its own,@none,,
about,item,1,,The source / passage or media item,-,,
about,target,1,class(item)<=E36,What the image shows,@from(item) / P138_represents / @ref,,
about,target,2,!class(item)<=E36 & class(item)<=E31,What the document describes,@from(item) / P70_documents / @ref,,
about,target,3,!class(item)<=E36 & !class(item)<=E31,What the item refers to,@from(item) / P67_refers_to / @ref,,
context,*,1,,The context,@entity,,
context,formation,1,class<=A8,How the unit formed,AP7i_was_produced_by / A4_Stratigraphic_Genesis{formation} / P2_has_type / @code,formation,
context,confines,1,,Volume that this interface bounds,AP12_confines / @ref,,
find_context,*,1,,The finding of the thing,S19_Encounter_Event,,
find_context,thing,1,belief=true,What was found,O19_encountered_object / @ref,,E18
find_context,thing,2,belief=true & class(found_in)<=A2,What was embedded,AP17i_found / A7_Embedding{embedding} / AP18_is_embedding_of / @ref,,
find_context,thing,3,belief!=true,What is said to have been found,I17_One-Proposition_Set{found} / J30_has_domain / @ref,,
find_context,found_in,1,belief=true & class(found_in)<=E53,Context or place it was found in,O21_encountered_at / @ref,,E53|E18
find_context,found_in,2,belief=true & class(found_in)<=A2,Deposit it was embedded in,AP17i_found / A7_Embedding{embedding} / AP19_is_embedding_in / @ref,,
find_context,found_in,3,belief=true & !class(found_in)<=E53,Thing it was found in,O21_encountered_at / E53_Place{extent@found_in} / P156i_is_occupied_by / @ref,,
find_context,found_in,4,belief!=true,Where it is said to have been found,I17_One-Proposition_Set{found} / J31_has_range / @ref,,
find_context,found_in,5,belief!=true,The statement is about a find place,I17_One-Proposition_Set{found} / J32_has_property_type / @term(O21),,
find_context,found_by,1,,Work that found it,P9i_forms_part_of / @ref,,
find_context,method,1,,How it was collected,P2_has_type / @code,collection_method,
find_context,claim,1,belief=true,Who says so,P17i_motivated / @ref,,
find_context,claim,2,belief!=true,Who says so and how sure,I17_One-Proposition_Set{found} / J4i_is_subject_of / I2_Belief{belief@claim},,
find_context,remark,1,,Free remark,P3_has_note / @value,,
sample,*,1,,The sample,@entity,,
sample,taken_from,1,,What it was taken from,O5i_was_removed_by / S2_Sample_Taking{taking=taken_by} / O3_sampled_from / @ref,,S10
sample,taken_by,1,,Work that took it,O5i_was_removed_by / @ref,,S2
analysis,*,1,,The analysis,@entity,,
analysis,method,1,,Method of analysis,P33_used_specific_technique / @code,analysis_method,
analysis,laboratory,1,,Laboratory,P14_carried_out_by / @ref,,
analysis,lab_code,1,,Code given by the laboratory,P1_is_identified_by / E42_Identifier{labcode} / P190_has_symbolic_content / @value,,
analysis,lab_code,2,,The identifier is a laboratory code,P1_is_identified_by / E42_Identifier{labcode} / P2_has_type / #identifier_type/lab_code,,
claim,*,1,kind=inferred,A conclusion drawn by reasoning,I5_Inference_Making,,
claim,*,2,kind=adopted,A statement taken over from a source,I7_Belief_Adoption,,
claim,*,3,kind=recorded,A statement recorded without argument,I1_Argumentation,,
claim,dataset,1,,Dataset the claim belongs to,dcterms:isPartOf / @ref,,
claim,kind,1,,Inferred / adopted or recorded,-,,
claim,belief,1,,How sure,J2_concluded_that / I2_Belief{belief} / J5_holds_to_be / @value,,
claim,method,1,,How the conclusion was drawn,J3_applied / I3_Inference_Logic{logic} / P2_has_type / @code,reasoning_method,
claim,made_by,1,,Who says so,P14_carried_out_by / @ref,,
claim,passage,1,kind=adopted,Source the statement was taken from,J7_is_based_on_evidence_from / @ref,,
claim,passage,2,kind!=adopted,Passage where the claim is stated,P67i_is_referred_to_by / @ref,,
claim,remark,1,,Free remark,P3_has_note / @value,,
claim_basis,*,1,,No node of its own,@none,,
claim_basis,claim,1,,The claim,-,,
claim_basis,basis_claim,1,claim_kind=inferred,Claim it rests on,@from(claim) / J1_used_as_premise / I2_Belief{belief@basis_claim},,
claim_basis,basis_claim,2,claim_kind!=inferred,Claim it rests on,@from(claim) / P17_was_motivated_by / I2_Belief{belief@basis_claim},,
claim_basis,basis_entity,1,claim_kind=adopted & class(basis_entity)<=E73,Source it rests on,@from(claim) / J7_is_based_on_evidence_from / @ref,,
claim_basis,basis_entity,2,claim_kind!=adopted,Analysis / find or source it rests on,@from(claim) / P17_was_motivated_by / @ref,,
claim_basis,basis_entity,3,claim_kind=adopted & !class(basis_entity)<=E73,Analysis or find it rests on,@from(claim) / P17_was_motivated_by / @ref,,
assertion,*,1,,The statement,I17_One-Proposition_Set,,
assertion,subject,1,,What the statement is about,J30_has_domain / @ref,,
assertion,property,1,,What is stated,J32_has_property_type / @reltype,,
assertion,object_entity,1,,The value when it is an entity,J31_has_range / @ref,,
assertion,object_entity,2,belief=true,The plain statement,@link,,
assertion,object_code,1,,The value when it is a term,J31_has_range / @code,,
assertion,object_code,2,belief=true,The plain statement,@link,,
assertion,object_text,1,,The value when it is text,J25_is_encoded_by / @value,,
assertion,object_text,2,belief=true,The plain statement,@link,,
assertion,claim,1,,Who says so and how sure,J4i_is_subject_of / I2_Belief{belief@claim},,
dating,*,1,,No node of its own,@none,,
dating,~event,1,event=making,The making of the thing,P108i_was_produced_by / E12_Production{making@subject},,
dating,~event,2,event=use,The use of the thing,P16i_was_used_for / E7_Activity{use@subject},,
dating,~event,3,event=deposition,The deposition of the thing,P12i_was_present_at / E5_Event{deposition@subject} / P2_has_type / #event_kind/deposition / ^,,
dating,~event,4,event=death,The death of the organism,P12i_was_present_at / E5_Event{death@subject} / P2_has_type / #event_kind/death / ^,,
dating,~event,5,event=formation,The formation of the unit,AP7i_was_produced_by / A4_Stratigraphic_Genesis{formation@subject},,
dating,~event,6,event=existence,The existence of the thing,P12i_was_present_at / E5_Event{existence@subject} / P2_has_type / #event_kind/existence / ^,,
dating,~eventnode,1,event=making,Node of the making,E12_Production{making@subject},,
dating,~eventnode,2,event=use,Node of the use,E7_Activity{use@subject},,
dating,~eventnode,3,event=deposition,Node of the deposition,E5_Event{deposition@subject},,
dating,~eventnode,4,event=death,Node of the death,E5_Event{death@subject},,
dating,~eventnode,5,event=formation,Node of the formation,A4_Stratigraphic_Genesis{formation@subject},,
dating,~eventnode,6,event=existence,Node of the existence,E5_Event{existence@subject},,
dating,subject,1,,What is dated,@from(subject) / ~event,,
dating,subject,2,has(period),What the statement on the period is about,I17_One-Proposition_Set{period} / J30_has_domain / ~eventnode,,
dating,subject,3,has(scale),What the statement on the years is about,I17_One-Proposition_Set{years} / J30_has_domain / ~eventnode,,
dating,event,1,,Which event in the life of the subject is dated,-,,
dating,period,1,,Period stated,I17_One-Proposition_Set{period} / J31_has_range / @ref,,
dating,period,2,,The statement is about a period,I17_One-Proposition_Set{period} / J32_has_property_type / @term(P10),,
dating,period,3,belief=true,The plain statement,@from(subject) / ~event / P10_falls_within / @ref,,
dating,begin,1,,Older bound,I17_One-Proposition_Set{years} / J31_has_range / SP10_DeclarativeTime-Span{span} / P82a_begin_of_the_begin / @value,,
dating,begin,2,belief=true,The plain statement,@from(subject) / ~event / P4_has_time-span / SP10_DeclarativeTime-Span{span} / P82a_begin_of_the_begin / @value,,
dating,end,1,,Younger bound,I17_One-Proposition_Set{years} / J31_has_range / SP10_DeclarativeTime-Span{span} / P82b_end_of_the_end / @value,,
dating,end,2,belief=true,The plain statement,@from(subject) / ~event / P4_has_time-span / SP10_DeclarativeTime-Span{span} / P82b_end_of_the_end / @value,,
dating,scale,1,,Scale of the years,I17_One-Proposition_Set{years} / J31_has_range / SP10_DeclarativeTime-Span{span} / Q15_time_is_expressed_in_terms_of / @enum(time_scale),,
dating,scale,2,,The statement is about a time-span,I17_One-Proposition_Set{years} / J32_has_property_type / @term(P4),,
dating,error,1,,Plus or minus of a laboratory date,I17_One-Proposition_Set{years} / J31_has_range / SP10_DeclarativeTime-Span{span} / P79_beginning_is_qualified_by / @value,,
dating,approx,1,approx=1,The years are approximate,I17_One-Proposition_Set{years} / J31_has_range / SP10_DeclarativeTime-Span{span} / P2_has_type / #certainty/approximate,,
dating,claim,1,has(period),Who says so and how sure,I17_One-Proposition_Set{period} / J4i_is_subject_of / I2_Belief{belief@claim},,
dating,claim,2,has(scale),Who says so and how sure,I17_One-Proposition_Set{years} / J4i_is_subject_of / I2_Belief{belief@claim},,
geometry,*,1,,The measured geometry,SP6_Declarative_Place,,
geometry,entity,1,class(entity)<=E53,Place it approximates,P189_approximates / @ref,,
geometry,entity,2,!class(entity)<=E53 & class(entity)<=E18,Thing whose extent it approximates,P189_approximates / E53_Place{extent@entity} / P156i_is_occupied_by / @ref,,
geometry,entity,3,class(entity)<=E4,Work whose place it approximates,P189_approximates / E53_Place{extent@entity} / P7i_witnessed / @ref,,
geometry,kind,1,,Point / line or polygon,P2_has_type / @enum(geometry_kind),,
geometry,wkt,1,,Coordinates as text,Q10_place_is_defined_by / @value,,
geometry,crs,1,,Coordinate system,Q9_place_is_expressed_in_terms_of / @code,crs,
geometry,precision_m,1,,Precision in metres,fw:precisionMetres / @value,,
geometry,measured_by,1,,Work that measured it,@from(measured_by) / O32_determined_position_of / @ref(entity),,S23
geometry,remark,1,,Free remark,P3_has_note / @value,,
relation,*,1,,The statement,I17_One-Proposition_Set,,
relation,subject,1,has(type),First end of the link,J30_has_domain / @ref,,
relation,subject,2,!has(type) & has(claim),First end of the link,J30_has_domain / @ref,,
relation,type,1,,Declared type of the link,J32_has_property_type / @reltype,,
relation,property,1,has(claim),Property of the ontology,J32_has_property_type / @reltype,,
relation,object,1,has(type),Second end of the link,J31_has_range / @ref,,
relation,object,2,!has(type) & has(claim),Second end of the link,J31_has_range / @ref,,
relation,object,3,belief=true,The plain statement,@link,,
relation,claim,1,,Who says so and how sure,J4i_is_subject_of / I2_Belief{belief@claim},,
relation,remark,1,,Free remark,P3_has_note / @value,,
attribute_value,*,1,class(entity)<=S15,The observation of the attribute,S4_Single_Observation,,
attribute_value,*,2,!class(entity)<=S15,The assignment of the attribute,E13_Attribute_Assignment,,
attribute_value,entity,1,class(entity)<=S15,What the attribute belongs to,O8_observed / @ref,,
attribute_value,entity,2,!class(entity)<=S15,What the attribute belongs to,P140_assigned_attribute_to / @ref,,
attribute_value,attribute,1,class(entity)<=S15,Which attribute,O9_observed_property_type / @attr,,
attribute_value,attribute,2,!class(entity)<=S15,Which attribute,P177_assigned_property_of_type / @attr,,
attribute_value,value_number,1,class(entity)<=S15,Value when it is a number or yes and no,O16_observed_value / E54_Dimension{value} / P90_has_value / @value,,
attribute_value,value_number,2,class(entity)<=S15 & has(unit),Unit of the value,O16_observed_value / E54_Dimension{value} / P91_has_unit / @code(unit),,
attribute_value,value_number,3,!class(entity)<=S15,Value when it is a number or yes and no,P141_assigned / E54_Dimension{value} / P90_has_value / @value,,
attribute_value,value_number,4,!class(entity)<=S15 & has(unit),Unit of the value,P141_assigned / E54_Dimension{value} / P91_has_unit / @code(unit),,
attribute_value,value_text,1,class(entity)<=S15,Value when it is text,O16_observed_value / E90_Symbolic_Object{value} / P190_has_symbolic_content / @value,,
attribute_value,value_text,2,!class(entity)<=S15,Value when it is text,P141_assigned / E90_Symbolic_Object{value} / P190_has_symbolic_content / @value,,
attribute_value,value_code,1,class(entity)<=S15,Value when it is a term,O16_observed_value / @code,,
attribute_value,value_code,2,!class(entity)<=S15,Value when it is a term,P141_assigned / @code,,
attribute_value,claim,1,,Who says so and how sure,J2_concluded_that / I2_Belief{belief@claim},,
attribute_value,remark,1,,Free remark,P3_has_note / @value,,
